Product_ID,Product_Name,Category,Brand,Original_Price,Discount_Percent,Discount_Amount,Selling_Price,Stock_Quantity,Weight_kg,Avg_Rating,Total_Reviews
PROD000001,Samsung Mobile V5,Electronics,Samsung,130561.34,23,30029.11,100532.23,159,2.63,4.49,102
PROD000002,HP Laptop V5,Electronics,HP,36494.92,34,12408.27,24086.65,54,4.19,4.32,107
PROD000003,boAt Headphones V2,Electronics,boAt,106587.94,42,44766.93,61821.01,638,1.48,4.31,99
PROD000004,Noise Watch V7,Electronics,Noise,81275.27,47,38199.38,43075.89,572,3.3,4.42,127
PROD000005,Apple iPhone V4,Electronics,Apple,13099.36,43,5632.72,7466.64,865,3.71,4.37,98
PROD000006,Levis Jeans V1,Fashion,Levis,3330.44,9,299.74,3030.7,380,2.64,4.47,81
PROD000007,Peter England Shirt V8,Fashion,Peter,7504.54,12,900.54,6604,800,2.12,4.37,82
PROD000008,Nike Shoes V2,Fashion,Nike,7210.81,38,2740.11,4470.7,321,1.71,4.29,104
PROD000009,Titan Watch V10,Fashion,Titan,8545.82,48,4101.99,4443.83,266,0.82,4.52,94
PROD000010,Puma T-shirt V7,Fashion,Puma,12528.96,35,4385.14,8143.82,834,3.12,4.37,89
PROD000011,IKEA Chair V1,Home,IKEA,13189.01,43,5671.27,7517.74,42,2.34,4.4,43
PROD000012,Prestige Cooker V1,Home,Prestige,996.52,32,318.89,677.63,163,3.68,4.43,56
PROD000013,Philips Mixer V4,Home,Philips,29812.39,40,11924.96,17887.43,177,4.68,4.31,61
PROD000014,Godrej Almirah V7,Home,Godrej,14780.06,39,5764.22,9015.84,622,3.93,4.37,62
PROD000015,Urban Ladder Sofa V3,Home,Urban,43563.53,46,20039.22,23524.31,504,2.97,4.4,63
PROD000016,Lakme Lipstick V4,Beauty,Lakme,3116.2,23,716.73,2399.47,417,0.97,4.53,32
PROD000017,Mamaearth Facewash V10,Beauty,Mamaearth,4175.92,15,626.39,3549.53,308,1.69,4.37,27
PROD000018,Nivea Cream V5,Beauty,Nivea,2052.64,5,102.63,1950.01,931,1.77,4.31,32
PROD000019,Dove Soap V5,Beauty,Dove,910.85,36,327.91,582.94,399,1.65,4.5,34
PROD000020,Plum Serum V5,Beauty,Plum,2754.12,16,440.66,2313.46,301,4.7,4.28,18
PROD000021,Nike T-shirt V3,Sports,Nike,26796.81,37,9914.82,16881.99,961,2.94,4.51,55
PROD000022,Puma Shoes V5,Sports,Puma,9771.64,46,4494.95,5276.69,660,3.03,4.59,44
PROD000023,Decathlon Cycle V2,Sports,Decathlon,2277.36,43,979.26,1298.1,375,2.5,4.35,43
PROD000024,Yoga Mat V7,Sports,Yoga,8685.1,10,868.51,7816.59,559,1.42,4.35,55
PROD000025,Dumbbells V1,Sports,Dumbbells,21725.03,27,5865.76,15859.27,278,1.22,4.54,50
PROD000026,Fiction Novel V7,Books,Fiction,554.49,14,77.63,476.86,635,3.89,4.42,36
PROD000027,NCERT Book V7,Books,NCERT,1171.78,22,257.79,913.99,201,4.66,4.46,35
PROD000028,Comics V10,Books,Comics,422.31,5,21.12,401.19,225,3.89,4.5,30
PROD000029,Notebook V5,Books,Notebook,382.36,7,26.77,355.59,99,1.74,4.4,30
PROD000030,Stationery Set V7,Books,Stationery,1554.83,21,326.51,1228.32,251,3.48,4.19,32
PROD000031,Aashirvaad Atta V6,Grocery,Aashirvaad,434.9,7,30.44,404.46,880,3.16,4.6,50
PROD000032,Fortune Oil V4,Grocery,Fortune,793.26,27,214.18,579.08,58,2.02,4.41,58
PROD000033,Lays Chips V8,Grocery,Lays,870.97,13,113.23,757.74,193,3.93,4.3,69
PROD000034,Nescafe Coffee V1,Grocery,Nescafe,1956.17,45,880.28,1075.89,713,3.2,4.17,59
PROD000035,Haldiram Snacks V1,Grocery,Haldiram,1113.34,21,233.8,879.54,803,3.47,4.35,46
PROD000036,Samsung Mobile V4,Electronics,Samsung,66721.98,6,4003.32,62718.66,586,2.12,4.39,98
PROD000037,HP Laptop V4,Electronics,HP,111479.61,10,11147.96,100331.65,566,2.92,4.34,109
PROD000038,boAt Headphones V2,Electronics,boAt,102185.82,35,35765.04,66420.78,516,4.65,4.5,114
PROD000039,Noise Watch V1,Electronics,Noise,139577.42,20,27915.48,111661.94,794,4.53,4.39,115
PROD000040,Apple iPhone V2,Electronics,Apple,17181.51,6,1030.89,16150.62,547,3.37,4.28,125
PROD000041,Levis Jeans V9,Fashion,Levis,13721.15,33,4527.98,9193.17,230,1.6,4.42,74
PROD000042,Peter England Shirt V9,Fashion,Peter,3599.88,45,1619.95,1979.93,41,0.69,4.33,84
PROD000043,Nike Shoes V9,Fashion,Nike,8701.35,26,2262.35,6439,426,3.48,4.4,67
PROD000044,Titan Watch V10,Fashion,Titan,1698.3,21,356.64,1341.66,600,2.58,4.48,85
PROD000045,Puma T-shirt V3,Fashion,Puma,6682.45,38,2539.33,4143.12,298,0.74,4.49,83
PROD000046,IKEA Chair V1,Home,IKEA,27395.58,12,3287.47,24108.11,561,4.44,4.47,47
PROD000047,Prestige Cooker V4,Home,Prestige,29046.14,50,14523.07,14523.07,788,2.4,4.6,50
PROD000048,Philips Mixer V9,Home,Philips,31603.14,9,2844.28,28758.86,77,4.68,4.38,72
PROD000049,Godrej Almirah V5,Home,Godrej,39094.48,35,13683.07,25411.41,739,4.66,4.42,59
PROD000050,Urban Ladder Sofa V4,Home,Urban,20226.84,13,2629.49,17597.35,940,3.48,4.46,61
PROD000051,Lakme Lipstick V3,Beauty,Lakme,2310.13,18,415.82,1894.31,374,0.72,4.42,26
PROD000052,Mamaearth Facewash V4,Beauty,Mamaearth,1014.85,26,263.86,750.99,545,1.39,4.52,29
PROD000053,Nivea Cream V3,Beauty,Nivea,2072.94,46,953.55,1119.39,130,0.82,4.57,30
PROD000054,Dove Soap V9,Beauty,Dove,2696.99,33,890.01,1806.98,576,2.52,4.38,29
PROD000055,Plum Serum V9,Beauty,Plum,4114.35,42,1728.03,2386.32,904,1.2,4.35,34
PROD000056,Nike T-shirt V6,Sports,Nike,28069.7,39,10947.18,17122.52,381,2.55,4.37,49
PROD000057,Puma Shoes V8,Sports,Puma,10065.26,37,3724.15,6341.11,272,0.62,4.51,57
PROD000058,Decathlon Cycle V10,Sports,Decathlon,27098.08,40,10839.23,16258.85,667,4.64,4.33,48
PROD000059,Yoga Mat V4,Sports,Yoga,5278.69,47,2480.98,2797.71,319,2.56,4.47,51
PROD000060,Dumbbells V1,Sports,Dumbbells,8099.78,13,1052.97,7046.81,892,1.36,4.47,55
PROD000061,Fiction Novel V6,Books,Fiction,1367.86,20,273.57,1094.29,777,0.62,4.43,23
PROD000062,NCERT Book V3,Books,NCERT,588.25,32,188.24,400.01,298,0.64,4.62,29
PROD000063,Comics V8,Books,Comics,891.67,44,392.33,499.34,385,2.63,4.28,36
PROD000064,Notebook V2,Books,Notebook,1822.68,37,674.39,1148.29,33,1.11,4.45,33
PROD000065,Stationery Set V9,Books,Stationery,259.39,14,36.31,223.08,624,4.97,4.42,26
PROD000066,Aashirvaad Atta V4,Grocery,Aashirvaad,2326.75,31,721.29,1605.46,510,2.03,4.38,53
PROD000067,Fortune Oil V2,Grocery,Fortune,78.64,8,6.29,72.35,826,2.34,4.44,52
PROD000068,Lays Chips V10,Grocery,Lays,969.55,9,87.26,882.29,923,0.48,4.32,57
PROD000069,Nescafe Coffee V5,Grocery,Nescafe,2364.64,23,543.87,1820.77,396,4.94,4.54,54
PROD000070,Haldiram Snacks V9,Grocery,Haldiram,2479.49,39,967,1512.49,395,0.32,4.52,60
PROD000071,Samsung Mobile V5,Electronics,Samsung,7758.23,42,3258.46,4499.77,835,3.01,4.43,128
PROD000072,HP Laptop V4,Electronics,HP,70210.68,30,21063.2,49147.48,105,3.3,4.32,114
PROD000073,boAt Headphones V4,Electronics,boAt,106655.74,30,31996.72,74659.02,441,1.55,4.35,92
PROD000074,Noise Watch V7,Electronics,Noise,60907.24,15,9136.09,51771.15,399,4.15,4.44,131
PROD000075,Apple iPhone V8,Electronics,Apple,123095.85,29,35697.8,87398.05,168,2.45,4.39,99
PROD000076,Levis Jeans V5,Fashion,Levis,14594.02,7,1021.58,13572.44,792,4.69,4.55,92
PROD000077,Peter England Shirt V10,Fashion,Peter,6601.21,13,858.16,5743.05,709,1.66,4.29,84
PROD000078,Nike Shoes V9,Fashion,Nike,13127.69,31,4069.58,9058.11,662,2,4.4,83
PROD000079,Titan Watch V4,Fashion,Titan,8303.7,36,2989.33,5314.37,334,3.23,4.2,87
PROD000080,Puma T-shirt V10,Fashion,Puma,3084,13,400.92,2683.08,104,4.71,4.49,86
PROD000081,IKEA Chair V1,Home,IKEA,11413.39,27,3081.62,8331.77,751,0.41,4.53,70
PROD000082,Prestige Cooker V3,Home,Prestige,43607.57,35,15262.65,28344.92,671,2.71,4.23,52
PROD000083,Philips Mixer V3,Home,Philips,49286.1,48,23657.33,25628.77,603,4.65,4.4,60
PROD000084,Godrej Almirah V9,Home,Godrej,43013.71,6,2580.82,40432.89,112,1.63,4.36,73
PROD000085,Urban Ladder Sofa V5,Home,Urban,20362.17,16,3257.95,17104.22,903,4.47,4.24,55
PROD000086,Lakme Lipstick V10,Beauty,Lakme,1107.62,31,343.36,764.26,702,4.82,4.42,26
PROD000087,Mamaearth Facewash V3,Beauty,Mamaearth,3188.99,13,414.57,2774.42,893,4.42,4.53,19
PROD000088,Nivea Cream V2,Beauty,Nivea,2179.4,7,152.56,2026.84,901,1.36,4.36,33
PROD000089,Dove Soap V7,Beauty,Dove,365.56,32,116.98,248.58,635,2.79,4.59,34
PROD000090,Plum Serum V8,Beauty,Plum,3017.94,24,724.31,2293.63,995,2.68,4.48,31
PROD000091,Nike T-shirt V3,Sports,Nike,33394.63,48,16029.42,17365.21,375,1.01,4.41,51
PROD000092,Puma Shoes V8,Sports,Puma,19549.45,30,5864.84,13684.61,802,2.32,4.49,45
PROD000093,Decathlon Cycle V9,Sports,Decathlon,19754.54,8,1580.36,18174.18,593,3.9,4.56,43
PROD000094,Yoga Mat V2,Sports,Yoga,1837.87,11,202.17,1635.7,946,3.33,4.41,44
PROD000095,Dumbbells V10,Sports,Dumbbells,27380.49,33,9035.56,18344.93,568,0.43,4.41,49
PROD000096,Fiction Novel V5,Books,Fiction,321.68,34,109.37,212.31,509,0.36,4.47,40
PROD000097,NCERT Book V10,Books,NCERT,914.36,8,73.15,841.21,848,3.87,4.29,28
PROD000098,Comics V3,Books,Comics,420.37,23,96.69,323.68,111,3.94,4.34,35
PROD000099,Notebook V3,Books,Notebook,1392.43,35,487.35,905.08,217,2.89,4.41,27
PROD000100,Stationery Set V1,Books,Stationery,1510.95,40,604.38,906.57,610,4.2,4.42,40
PROD000101,Aashirvaad Atta V5,Grocery,Aashirvaad,2939.37,38,1116.96,1822.41,682,0.85,4.36,59
PROD000102,Fortune Oil V8,Grocery,Fortune,1665.61,9,149.9,1515.71,837,3.16,4.37,57
PROD000103,Lays Chips V4,Grocery,Lays,1918.9,40,767.56,1151.34,335,0.88,4.27,55
PROD000104,Nescafe Coffee V8,Grocery,Nescafe,464.19,25,116.05,348.14,517,2.21,4.42,65
PROD000105,Haldiram Snacks V8,Grocery,Haldiram,243.32,27,65.7,177.62,706,0.83,4.25,64
PROD000106,Samsung Mobile V3,Electronics,Samsung,91611.34,48,43973.44,47637.9,803,0.81,4.45,106
PROD000107,HP Laptop V3,Electronics,HP,54247,45,24411.15,29835.85,764,2.67,4.32,121
PROD000108,boAt Headphones V2,Electronics,boAt,7500.35,24,1800.08,5700.27,351,4.41,4.29,100
PROD000109,Noise Watch V1,Electronics,Noise,98856.56,31,30645.53,68211.03,660,2.17,4.41,111
PROD000110,Apple iPhone V8,Electronics,Apple,104310.58,35,36508.7,67801.88,80,0.73,4.51,113
PROD000111,Levis Jeans V8,Fashion,Levis,11666.86,6,700.01,10966.85,63,1.11,4.42,89
PROD000112,Peter England Shirt V5,Fashion,Peter,14805,42,6218.1,8586.9,181,4.27,4.46,101
PROD000113,Nike Shoes V2,Fashion,Nike,2847.61,11,313.24,2534.37,538,3.51,4.4,94
PROD000114,Titan Watch V1,Fashion,Titan,9535.18,16,1525.63,8009.55,733,4.53,4.4,86
PROD000115,Puma T-shirt V9,Fashion,Puma,5243.06,47,2464.24,2778.82,239,1.08,4.37,81
PROD000116,IKEA Chair V6,Home,IKEA,9789.43,50,4894.72,4894.71,687,3.19,4.45,56
PROD000117,Prestige Cooker V8,Home,Prestige,20129.06,28,5636.14,14492.92,228,3.77,4.52,61
PROD000118,Philips Mixer V2,Home,Philips,35168.95,36,12660.82,22508.13,451,1.52,4.46,59
PROD000119,Godrej Almirah V10,Home,Godrej,46862.23,6,2811.73,44050.5,590,2.48,4.41,61
PROD000120,Urban Ladder Sofa V1,Home,Urban,16000.39,44,7040.17,8960.22,468,4.99,4.41,63
PROD000121,Lakme Lipstick V10,Beauty,Lakme,4776.35,6,286.58,4489.77,131,4.24,4.39,28
PROD000122,Mamaearth Facewash V4,Beauty,Mamaearth,3549.21,27,958.29,2590.92,706,1.19,4.54,35
PROD000123,Nivea Cream V10,Beauty,Nivea,3446.53,35,1206.29,2240.24,995,2.62,4.33,33
PROD000124,Dove Soap V5,Beauty,Dove,1821.29,28,509.96,1311.33,351,3.6,4.45,38
PROD000125,Plum Serum V2,Beauty,Plum,2639.32,5,131.97,2507.35,805,4.54,4.42,31
PROD000126,Nike T-shirt V6,Sports,Nike,9636.45,18,1734.56,7901.89,700,1.14,4.48,54
PROD000127,Puma Shoes V2,Sports,Puma,26597.65,33,8777.22,17820.43,182,2.26,4.43,42
PROD000128,Decathlon Cycle V5,Sports,Decathlon,11310.19,32,3619.26,7690.93,753,2.9,4.35,43
PROD000129,Yoga Mat V2,Sports,Yoga,34404.07,21,7224.85,27179.22,259,1.2,4.32,62
PROD000130,Dumbbells V2,Sports,Dumbbells,26423.4,21,5548.91,20874.49,610,4.21,4.24,46
PROD000131,Fiction Novel V5,Books,Fiction,825.56,37,305.46,520.1,105,3.89,4.33,27
PROD000132,NCERT Book V9,Books,NCERT,125.19,19,23.79,101.4,616,1.33,4.34,41
PROD000133,Comics V2,Books,Comics,970.37,48,465.78,504.59,288,3.27,4.39,31
PROD000134,Notebook V4,Books,Notebook,1096.11,35,383.64,712.47,920,4.63,4.35,34
PROD000135,Stationery Set V1,Books,Stationery,1591.19,31,493.27,1097.92,793,1.06,4.38,37
PROD000136,Aashirvaad Atta V7,Grocery,Aashirvaad,1305.17,10,130.52,1174.65,667,2.51,4.34,68
PROD000137,Fortune Oil V6,Grocery,Fortune,1281.04,23,294.64,986.4,439,3.74,4.47,53
PROD000138,Lays Chips V8,Grocery,Lays,340.03,15,51,289.03,13,1.95,4.47,68
PROD000139,Nescafe Coffee V8,Grocery,Nescafe,1400.01,46,644,756.01,610,2.45,4.39,64
PROD000140,Haldiram Snacks V4,Grocery,Haldiram,476.28,49,233.38,242.9,645,1.22,4.28,61
PROD000141,Samsung Mobile V8,Electronics,Samsung,21104.14,30,6331.24,14772.9,412,4.76,4.42,113
PROD000142,HP Laptop V1,Electronics,HP,113464.8,37,41981.98,71482.82,285,3.25,4.46,100
PROD000143,boAt Headphones V5,Electronics,boAt,55412.6,33,18286.16,37126.44,316,2.94,4.4,114
PROD000144,Noise Watch V4,Electronics,Noise,117838.99,5,5891.95,111947.04,197,1.46,4.42,111
PROD000145,Apple iPhone V6,Electronics,Apple,10138.78,7,709.71,9429.07,26,3.93,4.39,92
PROD000146,Levis Jeans V10,Fashion,Levis,8598.01,36,3095.28,5502.73,372,1.76,4.41,82
PROD000147,Peter England Shirt V5,Fashion,Peter,13544.68,23,3115.28,10429.4,670,1.07,4.51,100
PROD000148,Nike Shoes V5,Fashion,Nike,12034.96,18,2166.29,9868.67,67,2.26,4.37,86
PROD000149,Titan Watch V10,Fashion,Titan,7488.26,16,1198.12,6290.14,575,3.05,4.46,82
PROD000150,Puma T-shirt V2,Fashion,Puma,6537.32,28,1830.45,4706.87,235,2.28,4.46,78
PROD000151,IKEA Chair V2,Home,IKEA,21208.35,5,1060.42,20147.93,239,4.83,4.29,55
PROD000152,Prestige Cooker V10,Home,Prestige,19724.05,14,2761.37,16962.68,735,3.46,4.41,66
PROD000153,Philips Mixer V4,Home,Philips,41466.89,42,17416.09,24050.8,98,4.13,4.59,63
PROD000154,Godrej Almirah V8,Home,Godrej,3287.68,45,1479.46,1808.22,795,1.33,4.39,49
PROD000155,Urban Ladder Sofa V5,Home,Urban,44729.41,5,2236.47,42492.94,702,4.34,4.4,52
PROD000156,Lakme Lipstick V3,Beauty,Lakme,815.73,24,195.78,619.95,105,4.64,4.29,35
PROD000157,Mamaearth Facewash V3,Beauty,Mamaearth,4987.51,47,2344.13,2643.38,15,2.76,4.42,24
PROD000158,Nivea Cream V10,Beauty,Nivea,2504.4,23,576.01,1928.39,106,3.07,4.4,30
PROD000159,Dove Soap V7,Beauty,Dove,3211.23,37,1188.16,2023.07,389,3.12,4.42,33
PROD000160,Plum Serum V3,Beauty,Plum,2762.18,38,1049.63,1712.55,573,1.2,4.55,29
PROD000161,Nike T-shirt V3,Sports,Nike,6703.28,45,3016.48,3686.8,835,2.17,4.33,46
PROD000162,Puma Shoes V10,Sports,Puma,27813.69,18,5006.46,22807.23,36,0.39,4.21,53
PROD000163,Decathlon Cycle V5,Sports,Decathlon,30444.56,27,8220.03,22224.53,756,4.59,4.39,56
PROD000164,Yoga Mat V3,Sports,Yoga,2011.89,17,342.02,1669.87,370,3.34,4.33,45
PROD000165,Dumbbells V10,Sports,Dumbbells,17952.06,29,5206.1,12745.96,842,0.81,4.36,58
PROD000166,Fiction Novel V6,Books,Fiction,343.94,7,24.08,319.86,218,0.52,4.34,32
PROD000167,NCERT Book V1,Books,NCERT,1129.06,28,316.14,812.92,519,3.5,4.14,29
PROD000168,Comics V5,Books,Comics,488.77,23,112.42,376.35,244,4.29,4.38,37
PROD000169,Notebook V10,Books,Notebook,292.51,41,119.93,172.58,614,4.48,4.53,40
PROD000170,Stationery Set V6,Books,Stationery,1412.69,49,692.22,720.47,577,3.28,4.3,27
PROD000171,Aashirvaad Atta V10,Grocery,Aashirvaad,308.77,46,142.03,166.74,319,2.24,4.38,53
PROD000172,Fortune Oil V8,Grocery,Fortune,728.17,12,87.38,640.79,464,1.43,4.33,48
PROD000173,Lays Chips V6,Grocery,Lays,2590.13,29,751.14,1838.99,173,3.05,4.2,50
PROD000174,Nescafe Coffee V7,Grocery,Nescafe,675.56,44,297.25,378.31,225,1.02,4.44,59
PROD000175,Haldiram Snacks V2,Grocery,Haldiram,563.81,5,28.19,535.62,552,4.37,4.53,60
PROD000176,Samsung Mobile V7,Electronics,Samsung,82068.15,46,37751.35,44316.8,426,4.25,4.5,124
PROD000177,HP Laptop V1,Electronics,HP,57123.7,29,16565.87,40557.83,442,3.05,4.41,112
PROD000178,boAt Headphones V6,Electronics,boAt,59595.2,9,5363.57,54231.63,176,4.82,4.37,109
PROD000179,Noise Watch V1,Electronics,Noise,122098.64,46,56165.37,65933.27,527,1.82,4.45,111
PROD000180,Apple iPhone V1,Electronics,Apple,5573.23,16,891.72,4681.51,271,0.36,4.34,96
PROD000181,Levis Jeans V3,Fashion,Levis,13269.18,44,5838.44,7430.74,142,3,4.51,71
PROD000182,Peter England Shirt V1,Fashion,Peter,5747.05,18,1034.47,4712.58,535,2.02,4.37,73
PROD000183,Nike Shoes V3,Fashion,Nike,14886.59,5,744.33,14142.26,714,3.7,4.38,78
PROD000184,Titan Watch V2,Fashion,Titan,1542.44,16,246.79,1295.65,566,3.43,4.41,96
PROD000185,Puma T-shirt V4,Fashion,Puma,9661.21,6,579.67,9081.54,995,1.51,4.44,88
PROD000186,IKEA Chair V5,Home,IKEA,20555.26,44,9044.31,11510.95,499,1.14,4.38,61
PROD000187,Prestige Cooker V6,Home,Prestige,26274.95,38,9984.48,16290.47,822,2.25,4.44,59
PROD000188,Philips Mixer V2,Home,Philips,27293.02,23,6277.39,21015.63,136,0.89,4.32,73
PROD000189,Godrej Almirah V7,Home,Godrej,40424.33,23,9297.6,31126.73,991,2.64,4.48,61
PROD000190,Urban Ladder Sofa V1,Home,Urban,45856.1,23,10546.9,35309.2,419,3.63,4.24,54
PROD000191,Lakme Lipstick V8,Beauty,Lakme,2742,12,329.04,2412.96,645,4.94,4.58,26
PROD000192,Mamaearth Facewash V4,Beauty,Mamaearth,4797.61,23,1103.45,3694.16,659,3.39,4.26,23
PROD000193,Nivea Cream V2,Beauty,Nivea,3960,6,237.6,3722.4,561,2.95,4.24,29
PROD000194,Dove Soap V5,Beauty,Dove,4291.66,8,343.33,3948.33,231,3.59,4.39,23
PROD000195,Plum Serum V6,Beauty,Plum,3370.44,14,471.86,2898.58,571,2.11,4.28,32
PROD000196,Nike T-shirt V9,Sports,Nike,1965.59,22,432.43,1533.16,872,0.58,4.38,50
PROD000197,Puma Shoes V4,Sports,Puma,1270.9,45,571.91,698.99,489,1.88,4.38,55
PROD000198,Decathlon Cycle V9,Sports,Decathlon,1873,21,393.33,1479.67,127,2.94,4.12,57
PROD000199,Yoga Mat V4,Sports,Yoga,29133.07,41,11944.56,17188.51,59,4.11,4.39,46
PROD000200,Dumbbells V4,Sports,Dumbbells,6063.67,41,2486.1,3577.57,285,2.81,4.56,45
PROD000201,Fiction Novel V4,Books,Fiction,1290.04,47,606.32,683.72,132,2.85,4.55,29
PROD000202,NCERT Book V4,Books,NCERT,1636.18,34,556.3,1079.88,492,2.95,4.41,34
PROD000203,Comics V3,Books,Comics,1134.53,40,453.81,680.72,944,4.34,4.4,30
PROD000204,Notebook V9,Books,Notebook,1586.94,50,793.47,793.47,846,0.9,4.46,24
PROD000205,Stationery Set V8,Books,Stationery,616.24,34,209.52,406.72,742,1.87,4.45,31
PROD000206,Aashirvaad Atta V10,Grocery,Aashirvaad,104.93,50,52.47,52.46,828,4.51,4.65,65
PROD000207,Fortune Oil V4,Grocery,Fortune,2503.32,25,625.83,1877.49,813,2.62,4.44,62
PROD000208,Lays Chips V9,Grocery,Lays,827.26,40,330.9,496.36,874,1.45,4.32,56
PROD000209,Nescafe Coffee V6,Grocery,Nescafe,67.12,47,31.55,35.57,580,0.29,4.41,54
PROD000210,Haldiram Snacks V2,Grocery,Haldiram,2384.56,44,1049.21,1335.35,978,1.7,4.42,67
PROD000211,Samsung Mobile V4,Electronics,Samsung,89425.71,30,26827.71,62598,116,2.52,4.39,99
PROD000212,HP Laptop V10,Electronics,HP,121573.32,44,53492.26,68081.06,153,2.12,4.31,101
PROD000213,boAt Headphones V2,Electronics,boAt,43141.21,21,9059.65,34081.56,743,0.7,4.43,116
PROD000214,Noise Watch V1,Electronics,Noise,109680.64,21,23032.93,86647.71,693,3.95,4.48,105
PROD000215,Apple iPhone V4,Electronics,Apple,17535.61,36,6312.82,11222.79,85,3.75,4.49,111
PROD000216,Levis Jeans V1,Fashion,Levis,1293.72,28,362.24,931.48,474,3.82,4.21,89
PROD000217,Peter England Shirt V4,Fashion,Peter,1138.72,11,125.26,1013.46,936,1.1,4.53,91
PROD000218,Nike Shoes V6,Fashion,Nike,12577.23,9,1131.95,11445.28,33,4.67,4.39,85
PROD000219,Titan Watch V9,Fashion,Titan,1155.38,41,473.71,681.67,917,3.09,4.47,87
PROD000220,Puma T-shirt V4,Fashion,Puma,5581.42,31,1730.24,3851.18,571,1.25,4.5,84
PROD000221,IKEA Chair V4,Home,IKEA,15170.82,34,5158.08,10012.74,46,1.36,4.41,54
PROD000222,Prestige Cooker V9,Home,Prestige,3570.08,41,1463.73,2106.35,172,1.82,4.42,71
PROD000223,Philips Mixer V1,Home,Philips,10380.06,19,1972.21,8407.85,42,2.64,4.39,62
PROD000224,Godrej Almirah V9,Home,Godrej,28016.32,41,11486.69,16529.63,913,1.93,4.37,67
PROD000225,Urban Ladder Sofa V1,Home,Urban,4233.63,37,1566.44,2667.19,572,2.89,4.33,58
PROD000226,Lakme Lipstick V7,Beauty,Lakme,4263.61,38,1620.17,2643.44,92,3.32,4.47,34
PROD000227,Mamaearth Facewash V6,Beauty,Mamaearth,2267.72,35,793.7,1474.02,397,3.33,4.08,25
PROD000228,Nivea Cream V7,Beauty,Nivea,394.18,42,165.56,228.62,277,3.97,4.45,20
PROD000229,Dove Soap V4,Beauty,Dove,4844.9,15,726.74,4118.16,855,3.01,4.41,27
PROD000230,Plum Serum V2,Beauty,Plum,773.22,18,139.18,634.04,613,3,4.31,29
PROD000231,Nike T-shirt V8,Sports,Nike,25040.36,19,4757.67,20282.69,267,3.46,4.43,49
PROD000232,Puma Shoes V6,Sports,Puma,25503.14,50,12751.57,12751.57,544,4.46,4.38,48
PROD000233,Decathlon Cycle V4,Sports,Decathlon,15147.01,28,4241.16,10905.85,18,3.57,4.47,51
PROD000234,Yoga Mat V5,Sports,Yoga,4175.48,7,292.28,3883.2,858,2.45,4.42,48
PROD000235,Dumbbells V8,Sports,Dumbbells,13142.44,36,4731.28,8411.16,523,3.17,4.04,28
PROD000236,Fiction Novel V10,Books,Fiction,513.23,34,174.5,338.73,909,4.75,4.33,42
PROD000237,NCERT Book V9,Books,NCERT,1462.59,30,438.78,1023.81,639,1.75,4.36,36
PROD000238,Comics V7,Books,Comics,641.28,50,320.64,320.64,837,1.91,4.31,35
PROD000239,Notebook V3,Books,Notebook,850.88,30,255.26,595.62,962,4.24,4.38,32
PROD000240,Stationery Set V2,Books,Stationery,1584.62,34,538.77,1045.85,899,1.97,4.52,31
PROD000241,Aashirvaad Atta V3,Grocery,Aashirvaad,2145.35,28,600.7,1544.65,295,2.88,4.39,66
PROD000242,Fortune Oil V10,Grocery,Fortune,230.84,8,18.47,212.37,172,1.63,4.51,61
PROD000243,Lays Chips V8,Grocery,Lays,2604.12,9,234.37,2369.75,273,0.55,4.28,60
PROD000244,Nescafe Coffee V8,Grocery,Nescafe,2174.2,46,1000.13,1174.07,54,4.48,4.41,51
PROD000245,Haldiram Snacks V1,Grocery,Haldiram,2355.57,36,848.01,1507.56,159,4.6,4.45,58
PROD000246,Samsung Mobile V7,Electronics,Samsung,47605.49,33,15709.81,31895.68,197,3.75,4.42,116
PROD000247,HP Laptop V7,Electronics,HP,148527.98,39,57925.91,90602.07,150,0.95,4.36,123
PROD000248,boAt Headphones V1,Electronics,boAt,50265.72,26,13069.09,37196.63,983,1.51,4.38,105
PROD000249,Noise Watch V10,Electronics,Noise,44480.15,15,6672.02,37808.13,940,2.6,4.5,96
PROD000250,Apple iPhone V9,Electronics,Apple,148884.05,8,11910.72,136973.33,868,2.82,4.36,109
PROD000251,Levis Jeans V9,Fashion,Levis,2087.9,7,146.15,1941.75,89,3.65,4.44,84
PROD000252,Peter England Shirt V5,Fashion,Peter,3085.33,15,462.8,2622.53,574,1.68,4.43,84
PROD000253,Nike Shoes V9,Fashion,Nike,13638.8,13,1773.04,11865.76,312,2.88,4.43,70
PROD000254,Titan Watch V4,Fashion,Titan,2848.64,44,1253.4,1595.24,104,4.51,4.4,92
PROD000255,Puma T-shirt V4,Fashion,Puma,7529.94,38,2861.38,4668.56,672,2.73,4.42,91
PROD000256,IKEA Chair V9,Home,IKEA,1629.71,18,293.35,1336.36,169,1.69,4.4,77
PROD000257,Prestige Cooker V3,Home,Prestige,34332.01,16,5493.12,28838.89,642,2.86,4.25,52
PROD000258,Philips Mixer V1,Home,Philips,4063.54,19,772.07,3291.47,286,3.04,4.45,73
PROD000259,Godrej Almirah V7,Home,Godrej,11488.15,17,1952.99,9535.16,461,2.63,4.4,43
PROD000260,Urban Ladder Sofa V10,Home,Urban,4586.34,35,1605.22,2981.12,438,1.43,4.59,49
PROD000261,Lakme Lipstick V9,Beauty,Lakme,4862.67,48,2334.08,2528.59,114,2.35,4.49,37
PROD000262,Mamaearth Facewash V4,Beauty,Mamaearth,2739.61,22,602.71,2136.9,328,4.81,4.43,28
PROD000263,Nivea Cream V1,Beauty,Nivea,1614.33,18,290.58,1323.75,308,1.35,4.37,30
PROD000264,Dove Soap V1,Beauty,Dove,4896.01,37,1811.52,3084.49,19,0.29,4.28,29
PROD000265,Plum Serum V1,Beauty,Plum,4193.54,13,545.16,3648.38,956,4.1,4.4,15
PROD000266,Nike T-shirt V4,Sports,Nike,25814.29,22,5679.14,20135.15,721,2.67,4.15,47
PROD000267,Puma Shoes V5,Sports,Puma,21750.39,47,10222.68,11527.71,721,4.31,4.47,49
PROD000268,Decathlon Cycle V5,Sports,Decathlon,7987.36,23,1837.09,6150.27,395,0.96,4.43,46
PROD000269,Yoga Mat V4,Sports,Yoga,28933.26,44,12730.63,16202.63,371,1.66,4.38,60
PROD000270,Dumbbells V4,Sports,Dumbbells,17825.68,35,6238.99,11586.69,298,1.96,4.41,51
PROD000271,Fiction Novel V8,Books,Fiction,679.92,50,339.96,339.96,35,2.42,4.34,35
PROD000272,NCERT Book V9,Books,NCERT,436.15,24,104.68,331.47,651,2.14,4.38,37
PROD000273,Comics V7,Books,Comics,933.92,15,140.09,793.83,546,4.27,4.29,35
PROD000274,Notebook V6,Books,Notebook,575.8,46,264.87,310.93,189,4.31,4.24,49
PROD000275,Stationery Set V7,Books,Stationery,966.34,25,241.59,724.75,578,1.16,4.5,26
PROD000276,Aashirvaad Atta V3,Grocery,Aashirvaad,220.86,23,50.8,170.06,136,0.64,4.32,59
PROD000277,Fortune Oil V9,Grocery,Fortune,229.62,34,78.07,151.55,241,1.75,4.28,53
PROD000278,Lays Chips V10,Grocery,Lays,1164.64,7,81.52,1083.12,33,2.09,4.55,51
PROD000279,Nescafe Coffee V2,Grocery,Nescafe,1449.62,41,594.34,855.28,937,4.21,4.3,54
PROD000280,Haldiram Snacks V10,Grocery,Haldiram,688.2,15,103.23,584.97,26,3.08,4.42,67
PROD000281,Samsung Mobile V2,Electronics,Samsung,79674.78,47,37447.15,42227.63,257,0.83,4.55,111
PROD000282,HP Laptop V9,Electronics,HP,80527.79,13,10468.61,70059.18,430,1.14,4.42,120
PROD000283,boAt Headphones V6,Electronics,boAt,56972.35,49,27916.45,29055.9,287,2.93,4.42,117
PROD000284,Noise Watch V9,Electronics,Noise,132728.2,45,59727.69,73000.51,576,0.8,4.51,114
PROD000285,Apple iPhone V10,Electronics,Apple,109418.42,47,51426.66,57991.76,405,0.53,4.43,123
PROD000286,Levis Jeans V4,Fashion,Levis,5878.2,43,2527.63,3350.57,754,3.48,4.36,88
PROD000287,Peter England Shirt V5,Fashion,Peter,10647.1,7,745.3,9901.8,71,3.42,4.42,69
PROD000288,Nike Shoes V6,Fashion,Nike,8290.19,43,3564.78,4725.41,862,0.69,4.43,76
PROD000289,Titan Watch V4,Fashion,Titan,7191.45,24,1725.95,5465.5,75,4.01,4.36,86
PROD000290,Puma T-shirt V6,Fashion,Puma,13432.76,21,2820.88,10611.88,295,3.57,4.27,94
PROD000291,IKEA Chair V2,Home,IKEA,16996.19,5,849.81,16146.38,348,2.15,4.46,61
PROD000292,Prestige Cooker V8,Home,Prestige,5785.53,21,1214.96,4570.57,148,2.32,4.42,45
PROD000293,Philips Mixer V9,Home,Philips,26775.34,40,10710.14,16065.2,953,4.39,4.4,60
PROD000294,Godrej Almirah V1,Home,Godrej,32196.86,27,8693.15,23503.71,25,1.4,4.31,52
PROD000295,Urban Ladder Sofa V7,Home,Urban,45801.85,36,16488.67,29313.18,39,3.52,4.34,59
PROD000296,Lakme Lipstick V7,Beauty,Lakme,719.22,27,194.19,525.03,242,2.64,4.5,36
PROD000297,Mamaearth Facewash V5,Beauty,Mamaearth,2158.18,23,496.38,1661.8,839,2.33,4.58,26
PROD000298,Nivea Cream V2,Beauty,Nivea,2103.33,19,399.63,1703.7,608,2.83,4.46,26
PROD000299,Dove Soap V3,Beauty,Dove,4106.97,16,657.12,3449.85,80,1.26,4.42,26
PROD000300,Plum Serum V10,Beauty,Plum,3671.41,34,1248.28,2423.13,929,2.18,4.35,26
PROD000301,Nike T-shirt V1,Sports,Nike,3103.7,32,993.18,2110.52,496,3.13,4.56,45
PROD000302,Puma Shoes V1,Sports,Puma,34482.36,20,6896.47,27585.89,748,3.05,4.24,41
PROD000303,Decathlon Cycle V10,Sports,Decathlon,22340.78,12,2680.89,19659.89,693,3.39,4.36,42
PROD000304,Yoga Mat V5,Sports,Yoga,34264.6,27,9251.44,25013.16,64,1.17,4.26,42
PROD000305,Dumbbells V4,Sports,Dumbbells,24003.09,18,4320.56,19682.53,472,4.54,4.41,51
PROD000306,Fiction Novel V4,Books,Fiction,1629.98,5,81.5,1548.48,257,3.88,4.49,45
PROD000307,NCERT Book V2,Books,NCERT,381.99,34,129.88,252.11,265,1.74,4.3,27
PROD000308,Comics V9,Books,Comics,1925.63,43,828.02,1097.61,518,3.7,4.2,30
PROD000309,Notebook V4,Books,Notebook,677.2,47,318.28,358.92,846,4.55,4.16,37
PROD000310,Stationery Set V4,Books,Stationery,582.27,23,133.92,448.35,707,1.29,4.34,44
PROD000311,Aashirvaad Atta V6,Grocery,Aashirvaad,2526.83,18,454.83,2072,455,4.44,4.24,45
PROD000312,Fortune Oil V10,Grocery,Fortune,178.57,9,16.07,162.5,17,4.01,4.39,56
PROD000313,Lays Chips V6,Grocery,Lays,899.52,49,440.76,458.76,811,4.32,4.32,57
PROD000314,Nescafe Coffee V9,Grocery,Nescafe,1164.72,46,535.77,628.95,819,4.44,4.38,55
PROD000315,Haldiram Snacks V10,Grocery,Haldiram,557.45,41,228.55,328.9,494,0.85,4.41,64
PROD000316,Samsung Mobile V10,Electronics,Samsung,16107.21,28,4510.02,11597.19,145,1.2,4.43,125
PROD000317,HP Laptop V7,Electronics,HP,56431.57,9,5078.84,51352.73,365,1.47,4.35,97
PROD000318,boAt Headphones V8,Electronics,boAt,7073.01,50,3536.51,3536.5,749,3.61,4.32,109
PROD000319,Noise Watch V4,Electronics,Noise,8479,19,1611.01,6867.99,151,2.24,4.46,122
PROD000320,Apple iPhone V4,Electronics,Apple,57003.61,22,12540.79,44462.82,660,1.25,4.45,103
PROD000321,Levis Jeans V8,Fashion,Levis,11456.6,38,4353.51,7103.09,855,1.28,4.39,66
PROD000322,Peter England Shirt V6,Fashion,Peter,8029.57,49,3934.49,4095.08,824,3.47,4.25,67
PROD000323,Nike Shoes V5,Fashion,Nike,12883.24,13,1674.82,11208.42,459,3.26,4.51,94
PROD000324,Titan Watch V9,Fashion,Titan,495.32,35,173.36,321.96,276,2.54,4.31,70
PROD000325,Puma T-shirt V3,Fashion,Puma,14814.81,16,2370.37,12444.44,222,0.26,4.45,84
PROD000326,IKEA Chair V6,Home,IKEA,9886.7,23,2273.94,7612.76,790,1.38,4.37,57
PROD000327,Prestige Cooker V7,Home,Prestige,25941.8,40,10376.72,15565.08,281,3.86,4.47,57
PROD000328,Philips Mixer V6,Home,Philips,35179.28,33,11609.16,23570.12,364,4.72,4.49,59
PROD000329,Godrej Almirah V9,Home,Godrej,30335.16,45,13650.82,16684.34,43,4.7,4.4,68
PROD000330,Urban Ladder Sofa V3,Home,Urban,10547.8,17,1793.13,8754.67,335,2.98,4.43,53
PROD000331,Lakme Lipstick V3,Beauty,Lakme,3039.59,33,1003.06,2036.53,252,3.12,4.13,30
PROD000332,Mamaearth Facewash V8,Beauty,Mamaearth,4883.35,36,1758.01,3125.34,593,3.09,4.21,24
PROD000333,Nivea Cream V7,Beauty,Nivea,568.22,26,147.74,420.48,862,3.21,4.32,22
PROD000334,Dove Soap V5,Beauty,Dove,4587.04,17,779.8,3807.24,711,4.02,4.26,42
PROD000335,Plum Serum V5,Beauty,Plum,2091.15,48,1003.75,1087.4,440,0.33,4.43,30
PROD000336,Nike T-shirt V8,Sports,Nike,2395.83,32,766.67,1629.16,459,4.4,4.41,61
PROD000337,Puma Shoes V2,Sports,Puma,30332.63,37,11223.07,19109.56,413,2.07,4.14,50
PROD000338,Decathlon Cycle V5,Sports,Decathlon,1531.1,21,321.53,1209.57,49,2.83,4.34,44
PROD000339,Yoga Mat V1,Sports,Yoga,9768.52,17,1660.65,8107.87,297,4.89,4.41,41
PROD000340,Dumbbells V1,Sports,Dumbbells,21673.91,27,5851.96,15821.95,461,1.96,4.5,54
PROD000341,Fiction Novel V1,Books,Fiction,1092.49,47,513.47,579.02,552,0.99,4.56,36
PROD000342,NCERT Book V6,Books,NCERT,617.04,31,191.28,425.76,438,0.54,4.41,37
PROD000343,Comics V6,Books,Comics,1695.93,7,118.72,1577.21,399,1.63,4.57,28
PROD000344,Notebook V4,Books,Notebook,222.9,37,82.47,140.43,867,4.62,4.24,34
PROD000345,Stationery Set V10,Books,Stationery,1112.67,31,344.93,767.74,605,3.7,4.47,38
PROD000346,Aashirvaad Atta V5,Grocery,Aashirvaad,984.57,40,393.83,590.74,675,0.91,4.43,51
PROD000347,Fortune Oil V8,Grocery,Fortune,1718.17,36,618.54,1099.63,250,0.88,4.42,55
PROD000348,Lays Chips V4,Grocery,Lays,1449.22,15,217.38,1231.84,177,4.76,4.42,59
PROD000349,Nescafe Coffee V4,Grocery,Nescafe,78.67,9,7.08,71.59,698,0.38,4.42,55
PROD000350,Haldiram Snacks V5,Grocery,Haldiram,1576.37,7,110.35,1466.02,707,0.26,4.43,46
PROD000351,Samsung Mobile V2,Electronics,Samsung,19858.65,26,5163.25,14695.4,813,3.52,4.38,104
PROD000352,HP Laptop V7,Electronics,HP,145488.97,49,71289.6,74199.37,494,3.76,4.56,104
PROD000353,boAt Headphones V1,Electronics,boAt,47258.35,25,11814.59,35443.76,677,3.35,4.32,139
PROD000354,Noise Watch V8,Electronics,Noise,106180.55,48,50966.66,55213.89,490,2.12,4.43,84
PROD000355,Apple iPhone V4,Electronics,Apple,32641.99,20,6528.4,26113.59,156,0.92,4.43,100
PROD000356,Levis Jeans V2,Fashion,Levis,3908.02,46,1797.69,2110.33,633,3.65,4.41,80
PROD000357,Peter England Shirt V7,Fashion,Peter,7696.12,37,2847.56,4848.56,594,0.61,4.48,99
PROD000358,Nike Shoes V3,Fashion,Nike,9218.49,31,2857.73,6360.76,831,3.07,4.49,78
PROD000359,Titan Watch V7,Fashion,Titan,3604.43,7,252.31,3352.12,170,1,4.4,90
PROD000360,Puma T-shirt V4,Fashion,Puma,14283.53,5,714.18,13569.35,595,1.91,4.31,86
PROD000361,IKEA Chair V2,Home,IKEA,22824.34,49,11183.93,11640.41,290,4.98,4.36,50
PROD000362,Prestige Cooker V10,Home,Prestige,21669.55,27,5850.78,15818.77,382,2.55,4.46,65
PROD000363,Philips Mixer V9,Home,Philips,22610.51,38,8591.99,14018.52,630,3.03,4.41,54
PROD000364,Godrej Almirah V3,Home,Godrej,35911.94,48,17237.73,18674.21,640,4.34,4.39,54
PROD000365,Urban Ladder Sofa V8,Home,Urban,5438.58,28,1522.8,3915.78,148,2.9,4.36,53
PROD000366,Lakme Lipstick V1,Beauty,Lakme,1328.01,8,106.24,1221.77,586,1.64,4.47,19
PROD000367,Mamaearth Facewash V2,Beauty,Mamaearth,346.05,9,31.14,314.91,705,4.59,4.24,25
PROD000368,Nivea Cream V6,Beauty,Nivea,4194.45,21,880.83,3313.62,751,3.32,4.43,21
PROD000369,Dove Soap V8,Beauty,Dove,4101.4,28,1148.39,2953.01,952,4.6,4.43,35
PROD000370,Plum Serum V2,Beauty,Plum,2524.6,34,858.36,1666.24,707,1.68,4.5,28
PROD000371,Nike T-shirt V8,Sports,Nike,15479.79,18,2786.36,12693.43,825,2.83,4.43,54
PROD000372,Puma Shoes V6,Sports,Puma,19755.86,50,9877.93,9877.93,651,3.75,4.51,55
PROD000373,Decathlon Cycle V6,Sports,Decathlon,7246.09,30,2173.83,5072.26,695,3.97,4.37,43
PROD000374,Yoga Mat V3,Sports,Yoga,28321.37,21,5947.49,22373.88,259,3.54,4.31,51
PROD000375,Dumbbells V10,Sports,Dumbbells,17352.03,22,3817.45,13534.58,332,2.45,4.57,37
PROD000376,Fiction Novel V4,Books,Fiction,1204.45,28,337.25,867.2,604,3.41,4.41,41
PROD000377,NCERT Book V8,Books,NCERT,1242.86,10,124.29,1118.57,839,0.9,4.51,35
PROD000378,Comics V3,Books,Comics,207.93,34,70.7,137.23,524,4.63,4.45,42
PROD000379,Notebook V4,Books,Notebook,1802.68,16,288.43,1514.25,254,3.94,4.38,29
PROD000380,Stationery Set V2,Books,Stationery,459.45,48,220.54,238.91,923,1.65,4.27,37
PROD000381,Aashirvaad Atta V1,Grocery,Aashirvaad,903.03,8,72.24,830.79,147,0.67,4.3,66
PROD000382,Fortune Oil V3,Grocery,Fortune,1160.79,42,487.53,673.26,131,3.2,4.44,57
PROD000383,Lays Chips V1,Grocery,Lays,376.08,36,135.39,240.69,537,1.66,4.47,73
PROD000384,Nescafe Coffee V4,Grocery,Nescafe,1639.67,6,98.38,1541.29,831,1.44,4.36,58
PROD000385,Haldiram Snacks V7,Grocery,Haldiram,2496.17,37,923.58,1572.59,175,1.41,4.39,57
PROD000386,Samsung Mobile V6,Electronics,Samsung,63340.68,42,26603.09,36737.59,237,3.34,4.31,108
PROD000387,HP Laptop V10,Electronics,HP,92261.96,7,6458.34,85803.62,112,4.91,4.4,93
PROD000388,boAt Headphones V5,Electronics,boAt,15586.6,39,6078.77,9507.83,810,2.84,4.31,103
PROD000389,Noise Watch V4,Electronics,Noise,81166.42,14,11363.3,69803.12,542,2.57,4.29,97
PROD000390,Apple iPhone V4,Electronics,Apple,34778.09,26,9042.3,25735.79,53,2.84,4.41,124
PROD000391,Levis Jeans V6,Fashion,Levis,8605.21,11,946.57,7658.64,269,4.29,4.37,89
PROD000392,Peter England Shirt V7,Fashion,Peter,14784.25,23,3400.38,11383.87,142,1.26,4.28,78
PROD000393,Nike Shoes V5,Fashion,Nike,5992.88,44,2636.87,3356.01,221,4.94,4.3,89
PROD000394,Titan Watch V9,Fashion,Titan,14397.79,12,1727.73,12670.06,36,4.4,4.38,94
PROD000395,Puma T-shirt V2,Fashion,Puma,10933.62,50,5466.81,5466.81,934,3.04,4.35,71
PROD000396,IKEA Chair V9,Home,IKEA,9513.25,7,665.93,8847.32,716,3.07,4.44,63
PROD000397,Prestige Cooker V9,Home,Prestige,41119.61,21,8635.12,32484.49,856,3.62,4.33,51
PROD000398,Philips Mixer V6,Home,Philips,27872.46,6,1672.35,26200.11,52,4.32,4.34,56
PROD000399,Godrej Almirah V4,Home,Godrej,5639.6,9,507.56,5132.04,706,3.5,4.49,59
PROD000400,Urban Ladder Sofa V7,Home,Urban,9829.73,20,1965.95,7863.78,439,1.29,4.33,58
PROD000401,Lakme Lipstick V7,Beauty,Lakme,677.58,47,318.46,359.12,404,4.04,4.22,27
PROD000402,Mamaearth Facewash V8,Beauty,Mamaearth,1710.57,34,581.59,1128.98,181,3.45,4.26,27
PROD000403,Nivea Cream V8,Beauty,Nivea,2113.08,26,549.4,1563.68,818,2.78,4.42,24
PROD000404,Dove Soap V6,Beauty,Dove,3842.14,34,1306.33,2535.81,213,4.1,4.34,38
PROD000405,Plum Serum V9,Beauty,Plum,2471.84,10,247.18,2224.66,754,1.78,4.55,20
PROD000406,Nike T-shirt V4,Sports,Nike,34089.04,5,1704.45,32384.59,820,0.41,4.54,61
PROD000407,Puma Shoes V2,Sports,Puma,15277.77,35,5347.22,9930.55,604,1.96,4.46,56
PROD000408,Decathlon Cycle V1,Sports,Decathlon,17612.1,18,3170.18,14441.92,908,2.24,4.43,49
PROD000409,Yoga Mat V9,Sports,Yoga,19005.45,21,3991.14,15014.31,973,3.45,4.33,61
PROD000410,Dumbbells V10,Sports,Dumbbells,9262.48,47,4353.37,4909.11,861,1.49,4.33,52
PROD000411,Fiction Novel V8,Books,Fiction,816.91,16,130.71,686.2,408,0.24,4.41,39
PROD000412,NCERT Book V4,Books,NCERT,268.29,37,99.27,169.02,937,1.89,4.16,44
PROD000413,Comics V2,Books,Comics,867.27,30,260.18,607.09,232,0.74,4.33,30
PROD000414,Notebook V2,Books,Notebook,604.23,23,138.97,465.26,201,0.88,4.47,47
PROD000415,Stationery Set V6,Books,Stationery,1350.87,32,432.28,918.59,189,2.84,4.38,37
PROD000416,Aashirvaad Atta V3,Grocery,Aashirvaad,415.69,43,178.75,236.94,962,2.18,4.36,50
PROD000417,Fortune Oil V2,Grocery,Fortune,1669.57,24,400.7,1268.87,206,3.29,4.28,58
PROD000418,Lays Chips V9,Grocery,Lays,2818.6,36,1014.7,1803.9,756,0.68,4.36,53
PROD000419,Nescafe Coffee V9,Grocery,Nescafe,1399.65,7,97.98,1301.67,643,4.64,4.46,46
PROD000420,Haldiram Snacks V3,Grocery,Haldiram,2828.49,39,1103.11,1725.38,293,3.12,4.39,56
PROD000421,Samsung Mobile V4,Electronics,Samsung,141939.6,27,38323.69,103615.91,821,4.8,4.53,118
PROD000422,HP Laptop V4,Electronics,HP,86607.65,48,41571.67,45035.98,940,1.55,4.41,113
PROD000423,boAt Headphones V7,Electronics,boAt,87883.47,23,20213.2,67670.27,728,2.89,4.23,99
PROD000424,Noise Watch V2,Electronics,Noise,95813.32,10,9581.33,86231.99,794,1.07,4.48,117
PROD000425,Apple iPhone V8,Electronics,Apple,130878.41,19,24866.9,106011.51,494,0.89,4.51,97
PROD000426,Levis Jeans V7,Fashion,Levis,415.83,21,87.32,328.51,206,4.65,4.35,74
PROD000427,Peter England Shirt V3,Fashion,Peter,11901.42,42,4998.6,6902.82,848,2.21,4.36,80
PROD000428,Nike Shoes V6,Fashion,Nike,5205.24,41,2134.15,3071.09,459,3.83,4.45,75
PROD000429,Titan Watch V7,Fashion,Titan,11897.62,46,5472.91,6424.71,573,3.05,4.39,84
PROD000430,Puma T-shirt V7,Fashion,Puma,12651.66,25,3162.91,9488.75,646,3.41,4.47,92
PROD000431,IKEA Chair V7,Home,IKEA,29785.99,8,2382.88,27403.11,987,3.4,4.31,49
PROD000432,Prestige Cooker V2,Home,Prestige,47676.95,23,10965.7,36711.25,820,3.3,4.41,66
PROD000433,Philips Mixer V7,Home,Philips,2342.66,31,726.22,1616.44,456,4.7,4.29,59
PROD000434,Godrej Almirah V3,Home,Godrej,39539.45,30,11861.83,27677.62,189,0.89,4.36,56
PROD000435,Urban Ladder Sofa V6,Home,Urban,418.58,16,66.97,351.61,259,1.22,4.41,58
PROD000436,Lakme Lipstick V3,Beauty,Lakme,1371.68,7,96.02,1275.66,749,1.16,4.14,21
PROD000437,Mamaearth Facewash V1,Beauty,Mamaearth,423.9,19,80.54,343.36,923,1.34,4.48,31
PROD000438,Nivea Cream V3,Beauty,Nivea,2508.94,29,727.59,1781.35,254,4.97,4.32,19
PROD000439,Dove Soap V8,Beauty,Dove,1634.28,48,784.45,849.83,547,1.33,4.3,27
PROD000440,Plum Serum V6,Beauty,Plum,589.04,43,253.29,335.75,489,3.67,4.46,28
PROD000441,Nike T-shirt V7,Sports,Nike,14666.75,8,1173.34,13493.41,885,2.73,4.45,51
PROD000442,Puma Shoes V8,Sports,Puma,2276.35,36,819.49,1456.86,617,0.8,4.35,63
PROD000443,Decathlon Cycle V10,Sports,Decathlon,29342.19,36,10563.19,18779,640,2.41,4.14,35
PROD000444,Yoga Mat V10,Sports,Yoga,28571.74,23,6571.5,22000.24,57,3.85,4.39,44
PROD000445,Dumbbells V6,Sports,Dumbbells,16650.66,32,5328.21,11322.45,931,4.67,4.29,42
PROD000446,Fiction Novel V2,Books,Fiction,1932.68,31,599.13,1333.55,440,3.79,4.26,27
PROD000447,NCERT Book V10,Books,NCERT,1464.28,29,424.64,1039.64,696,3.02,4.3,27
PROD000448,Comics V8,Books,Comics,695.37,39,271.19,424.18,535,0.62,4.31,32
PROD000449,Notebook V3,Books,Notebook,560.05,19,106.41,453.64,691,4.67,4.4,25
PROD000450,Stationery Set V3,Books,Stationery,132.59,38,50.38,82.21,95,3.48,4.35,43
PROD000451,Aashirvaad Atta V4,Grocery,Aashirvaad,738.61,41,302.83,435.78,755,4.55,4.44,66
PROD000452,Fortune Oil V5,Grocery,Fortune,2174.37,8,173.95,2000.42,739,4.12,4.32,56
PROD000453,Lays Chips V4,Grocery,Lays,114.07,29,33.08,80.99,364,2.25,4.3,67
PROD000454,Nescafe Coffee V3,Grocery,Nescafe,1292.37,50,646.18,646.19,424,2.55,4.35,55
PROD000455,Haldiram Snacks V10,Grocery,Haldiram,1239.35,23,285.05,954.3,180,1.96,4.39,62
PROD000456,Samsung Mobile V8,Electronics,Samsung,68341.99,31,21186.02,47155.97,134,1.01,4.37,111
PROD000457,HP Laptop V10,Electronics,HP,26910.01,17,4574.7,22335.31,620,4.11,4.37,108
PROD000458,boAt Headphones V6,Electronics,boAt,97949.73,35,34282.41,63667.32,371,1.2,4.43,107
PROD000459,Noise Watch V10,Electronics,Noise,128863.18,15,19329.48,109533.7,989,0.35,4.34,99
PROD000460,Apple iPhone V9,Electronics,Apple,136493.6,35,47772.76,88720.84,833,2.07,4.44,98
PROD000461,Levis Jeans V7,Fashion,Levis,9021.63,44,3969.52,5052.11,830,2.27,4.38,81
PROD000462,Peter England Shirt V9,Fashion,Peter,8215.77,27,2218.26,5997.51,234,4.16,4.36,70
PROD000463,Nike Shoes V10,Fashion,Nike,14749.41,45,6637.23,8112.18,318,1.73,4.4,81
PROD000464,Titan Watch V1,Fashion,Titan,14784.26,22,3252.54,11531.72,409,4.77,4.44,81
PROD000465,Puma T-shirt V7,Fashion,Puma,1114.57,41,456.97,657.6,349,0.36,4.41,86
PROD000466,IKEA Chair V8,Home,IKEA,30243.13,19,5746.19,24496.94,249,1.7,4.41,41
PROD000467,Prestige Cooker V8,Home,Prestige,25923.65,8,2073.89,23849.76,162,4.54,4.42,65
PROD000468,Philips Mixer V10,Home,Philips,3034.78,10,303.48,2731.3,926,1.76,4.22,51
PROD000469,Godrej Almirah V10,Home,Godrej,10160.52,14,1422.47,8738.05,962,0.52,4.47,64
PROD000470,Urban Ladder Sofa V5,Home,Urban,42965.32,38,16326.82,26638.5,685,4.52,4.47,66
PROD000471,Lakme Lipstick V7,Beauty,Lakme,1324.52,49,649.01,675.51,820,4.84,4.52,31
PROD000472,Mamaearth Facewash V2,Beauty,Mamaearth,1321.95,33,436.24,885.71,789,3.95,4.48,23
PROD000473,Nivea Cream V9,Beauty,Nivea,355.79,47,167.22,188.57,413,2.44,4.59,27
PROD000474,Dove Soap V7,Beauty,Dove,4093.54,28,1146.19,2947.35,167,2.12,4.44,32
PROD000475,Plum Serum V5,Beauty,Plum,3691.92,5,184.6,3507.32,826,1.91,4.53,30
PROD000476,Nike T-shirt V8,Sports,Nike,13900.33,33,4587.11,9313.22,177,3.02,4.31,52
PROD000477,Puma Shoes V10,Sports,Puma,22885.86,30,6865.76,16020.1,735,4.09,4.45,58
PROD000478,Decathlon Cycle V8,Sports,Decathlon,32578.57,17,5538.36,27040.21,931,0.67,4.29,49
PROD000479,Yoga Mat V6,Sports,Yoga,31854.84,20,6370.97,25483.87,799,0.89,4.26,54
PROD000480,Dumbbells V1,Sports,Dumbbells,28684.56,44,12621.21,16063.35,833,4.96,4.61,54
PROD000481,Fiction Novel V5,Books,Fiction,1342.06,30,402.62,939.44,843,0.95,4.27,26
PROD000482,NCERT Book V9,Books,NCERT,1402.9,37,519.07,883.83,391,2,4.14,28
PROD000483,Comics V3,Books,Comics,586.23,44,257.94,328.29,777,3.92,4.45,33
PROD000484,Notebook V2,Books,Notebook,1861.69,16,297.87,1563.82,173,0.96,4.44,36
PROD000485,Stationery Set V1,Books,Stationery,135.17,23,31.09,104.08,126,1.62,4.5,32
PROD000486,Aashirvaad Atta V10,Grocery,Aashirvaad,2450.68,32,784.22,1666.46,606,2.43,4.57,49
PROD000487,Fortune Oil V9,Grocery,Fortune,2112.01,37,781.44,1330.57,770,0.34,4.27,60
PROD000488,Lays Chips V4,Grocery,Lays,2634.71,29,764.07,1870.64,214,2.97,4.44,55
PROD000489,Nescafe Coffee V1,Grocery,Nescafe,258.12,17,43.88,214.24,488,4.34,4.32,60
PROD000490,Haldiram Snacks V7,Grocery,Haldiram,1561.44,18,281.06,1280.38,430,4.05,4.34,53
PROD000491,Samsung Mobile V10,Electronics,Samsung,67090.7,15,10063.6,57027.1,569,3,4.38,112
PROD000492,HP Laptop V2,Electronics,HP,106828.5,48,51277.68,55550.82,381,1.26,4.36,123
PROD000493,boAt Headphones V1,Electronics,boAt,86495.05,9,7784.55,78710.5,191,4.67,4.43,103
PROD000494,Noise Watch V7,Electronics,Noise,125074.4,45,56283.48,68790.92,228,3.41,4.41,111
PROD000495,Apple iPhone V8,Electronics,Apple,146592.17,19,27852.51,118739.66,761,4.95,4.38,123
PROD000496,Levis Jeans V8,Fashion,Levis,10582.91,32,3386.53,7196.38,746,4.55,4.42,80
PROD000497,Peter England Shirt V5,Fashion,Peter,7169.41,38,2724.38,4445.03,171,4.94,4.45,80
PROD000498,Nike Shoes V10,Fashion,Nike,5556.57,18,1000.18,4556.39,362,4.39,4.37,90
PROD000499,Titan Watch V10,Fashion,Titan,5376.6,19,1021.55,4355.05,709,3.36,4.48,93
PROD000500,Puma T-shirt V8,Fashion,Puma,3219.55,21,676.11,2543.44,704,4.16,4.35,80
PROD000501,IKEA Chair V2,Home,IKEA,23076.74,21,4846.12,18230.62,65,3.97,4.48,52
PROD000502,Prestige Cooker V3,Home,Prestige,29161.93,18,5249.15,23912.78,261,3.71,4.31,45
PROD000503,Philips Mixer V6,Home,Philips,39217.6,46,18040.1,21177.5,870,4.85,4.23,60
PROD000504,Godrej Almirah V9,Home,Godrej,24786.51,29,7188.09,17598.42,995,2.49,4.33,43
PROD000505,Urban Ladder Sofa V2,Home,Urban,8379.16,17,1424.46,6954.7,225,0.89,4.35,51
PROD000506,Lakme Lipstick V7,Beauty,Lakme,2778.75,22,611.33,2167.42,579,0.3,4.25,24
PROD000507,Mamaearth Facewash V8,Beauty,Mamaearth,2990.77,27,807.51,2183.26,270,0.93,4.41,32
PROD000508,Nivea Cream V4,Beauty,Nivea,1959.89,33,646.76,1313.13,870,3.01,4.69,29
PROD000509,Dove Soap V7,Beauty,Dove,1849.39,41,758.25,1091.14,882,3.51,4.7,23
PROD000510,Plum Serum V3,Beauty,Plum,3401.35,28,952.38,2448.97,646,1.73,4.26,27
PROD000511,Nike T-shirt V7,Sports,Nike,6120.76,19,1162.94,4957.82,947,2.59,4.32,59
PROD000512,Puma Shoes V10,Sports,Puma,26338.57,9,2370.47,23968.1,147,0.54,4.37,51
PROD000513,Decathlon Cycle V2,Sports,Decathlon,8989.93,18,1618.19,7371.74,244,4.51,4.32,41
PROD000514,Yoga Mat V9,Sports,Yoga,21279.25,44,9362.87,11916.38,680,4.02,4.46,35
PROD000515,Dumbbells V8,Sports,Dumbbells,8378.43,26,2178.39,6200.04,951,0.29,4.36,53
PROD000516,Fiction Novel V10,Books,Fiction,989.9,44,435.56,554.34,815,1.6,4.33,27
PROD000517,NCERT Book V9,Books,NCERT,1819.44,21,382.08,1437.36,131,3.09,4.07,27
PROD000518,Comics V7,Books,Comics,1175.45,37,434.92,740.53,583,3.21,4.45,33
PROD000519,Notebook V5,Books,Notebook,794.83,34,270.24,524.59,725,3.12,4.42,40
PROD000520,Stationery Set V1,Books,Stationery,1728.08,18,311.05,1417.03,811,0.65,4.21,42
PROD000521,Aashirvaad Atta V2,Grocery,Aashirvaad,159.98,8,12.8,147.18,908,3.85,4.44,57
PROD000522,Fortune Oil V6,Grocery,Fortune,1490.82,18,268.35,1222.47,973,2.27,4.49,53
PROD000523,Lays Chips V8,Grocery,Lays,1391.78,46,640.22,751.56,980,0.63,4.53,51
PROD000524,Nescafe Coffee V9,Grocery,Nescafe,2721.27,30,816.38,1904.89,294,4.91,4.35,46
PROD000525,Haldiram Snacks V4,Grocery,Haldiram,1285.82,11,141.44,1144.38,720,2.87,4.34,67
PROD000526,Samsung Mobile V1,Electronics,Samsung,22809.77,18,4105.76,18704.01,570,0.86,4.44,94
PROD000527,HP Laptop V7,Electronics,HP,105512.67,10,10551.27,94961.4,372,3.86,4.33,113
PROD000528,boAt Headphones V2,Electronics,boAt,133093.2,32,42589.82,90503.38,735,2.47,4.36,103
PROD000529,Noise Watch V7,Electronics,Noise,13515.01,43,5811.45,7703.56,593,4.33,4.39,113
PROD000530,Apple iPhone V10,Electronics,Apple,64587.4,41,26480.83,38106.57,299,3.02,4.43,117
PROD000531,Levis Jeans V3,Fashion,Levis,3041.16,14,425.76,2615.4,168,0.65,4.44,87
PROD000532,Peter England Shirt V7,Fashion,Peter,1065.13,43,458.01,607.12,42,0.25,4.31,70
PROD000533,Nike Shoes V9,Fashion,Nike,552.83,47,259.83,293,933,2.07,4.32,87
PROD000534,Titan Watch V2,Fashion,Titan,7528.45,10,752.85,6775.6,339,0.55,4.53,78
PROD000535,Puma T-shirt V10,Fashion,Puma,9943.82,48,4773.03,5170.79,622,2.23,4.52,92
PROD000536,IKEA Chair V5,Home,IKEA,25632.86,31,7946.19,17686.67,390,1.08,4.42,62
PROD000537,Prestige Cooker V1,Home,Prestige,9013.67,43,3875.88,5137.79,63,3.55,4.31,48
PROD000538,Philips Mixer V6,Home,Philips,27786.9,24,6668.86,21118.04,928,2.62,4.35,69
PROD000539,Godrej Almirah V7,Home,Godrej,13114.02,31,4065.35,9048.67,71,4.03,4.35,46
PROD000540,Urban Ladder Sofa V4,Home,Urban,19716.55,31,6112.13,13604.42,364,1.42,4.4,62
PROD000541,Lakme Lipstick V1,Beauty,Lakme,1027.35,15,154.1,873.25,207,1.65,4.38,29
PROD000542,Mamaearth Facewash V4,Beauty,Mamaearth,4503.48,49,2206.71,2296.77,394,3.56,4.69,26
PROD000543,Nivea Cream V3,Beauty,Nivea,2626.79,37,971.91,1654.88,925,2.51,4.31,29
PROD000544,Dove Soap V3,Beauty,Dove,165.2,50,82.6,82.6,667,1.04,4.37,27
PROD000545,Plum Serum V1,Beauty,Plum,3930.33,10,393.03,3537.3,980,2.63,4.35,31
PROD000546,Nike T-shirt V5,Sports,Nike,18557.76,38,7051.95,11505.81,377,3.27,4.46,50
PROD000547,Puma Shoes V7,Sports,Puma,7346.01,47,3452.62,3893.39,843,4.74,4.33,55
PROD000548,Decathlon Cycle V9,Sports,Decathlon,1251.71,32,400.55,851.16,779,0.48,4.06,49
PROD000549,Yoga Mat V3,Sports,Yoga,4472.53,22,983.96,3488.57,309,4.3,4.42,69
PROD000550,Dumbbells V10,Sports,Dumbbells,27369.16,45,12316.12,15053.04,830,3.83,4.38,55
PROD000551,Fiction Novel V4,Books,Fiction,1707.53,21,358.58,1348.95,291,3.94,4.46,41
PROD000552,NCERT Book V6,Books,NCERT,1479.61,37,547.46,932.15,976,3.67,4.52,44
PROD000553,Comics V3,Books,Comics,867.64,31,268.97,598.67,744,1.92,4.38,24
PROD000554,Notebook V8,Books,Notebook,599.39,43,257.74,341.65,738,4.94,4.4,35
PROD000555,Stationery Set V7,Books,Stationery,463.9,41,190.2,273.7,554,4.88,4.48,31
PROD000556,Aashirvaad Atta V2,Grocery,Aashirvaad,2422.09,42,1017.28,1404.81,491,4.28,4.31,59
PROD000557,Fortune Oil V1,Grocery,Fortune,1522.86,20,304.57,1218.29,352,3.2,4.46,52
PROD000558,Lays Chips V10,Grocery,Lays,58.36,18,10.5,47.86,885,4.87,4.33,40
PROD000559,Nescafe Coffee V6,Grocery,Nescafe,1790,29,519.1,1270.9,460,3.63,4.29,59
PROD000560,Haldiram Snacks V8,Grocery,Haldiram,1197.36,16,191.58,1005.78,868,1.67,4.38,60
PROD000561,Samsung Mobile V1,Electronics,Samsung,128395.3,31,39802.54,88592.76,319,4.3,4.34,113
PROD000562,HP Laptop V3,Electronics,HP,76130.15,41,31213.36,44916.79,615,2.9,4.37,100
PROD000563,boAt Headphones V6,Electronics,boAt,59751.65,44,26290.73,33460.92,94,0.38,4.28,95
PROD000564,Noise Watch V7,Electronics,Noise,99392.82,36,35781.42,63611.4,829,4.6,4.3,108
PROD000565,Apple iPhone V10,Electronics,Apple,57910.21,14,8107.43,49802.78,626,3.99,4.4,136
PROD000566,Levis Jeans V3,Fashion,Levis,4488.84,26,1167.1,3321.74,137,1.01,4.45,95
PROD000567,Peter England Shirt V10,Fashion,Peter,3450.76,29,1000.72,2450.04,62,1.37,4.44,79
PROD000568,Nike Shoes V9,Fashion,Nike,13167.48,37,4871.97,8295.51,38,2.48,4.44,84
PROD000569,Titan Watch V7,Fashion,Titan,6504.1,35,2276.43,4227.67,352,2.56,4.4,93
PROD000570,Puma T-shirt V8,Fashion,Puma,5505.5,38,2092.09,3413.41,697,0.63,4.28,89
PROD000571,IKEA Chair V8,Home,IKEA,29928.87,29,8679.37,21249.5,312,0.67,4.45,55
PROD000572,Prestige Cooker V7,Home,Prestige,2782,43,1196.26,1585.74,676,4.82,4.21,61
PROD000573,Philips Mixer V7,Home,Philips,36187.8,16,5790.05,30397.75,988,2.57,4.28,47
PROD000574,Godrej Almirah V7,Home,Godrej,32192.09,44,14164.52,18027.57,358,4.01,4.46,54
PROD000575,Urban Ladder Sofa V5,Home,Urban,36450.82,48,17496.39,18954.43,253,2.93,4.26,43
PROD000576,Lakme Lipstick V4,Beauty,Lakme,3987.03,49,1953.64,2033.39,738,2.64,4.38,26
PROD000577,Mamaearth Facewash V6,Beauty,Mamaearth,1278.57,41,524.21,754.36,932,3.98,4.35,20
PROD000578,Nivea Cream V3,Beauty,Nivea,3171.07,33,1046.45,2124.62,687,3.64,4.47,34
PROD000579,Dove Soap V8,Beauty,Dove,4288.28,49,2101.26,2187.02,495,1.08,4.37,35
PROD000580,Plum Serum V4,Beauty,Plum,169.98,40,67.99,101.99,479,0.73,4.24,29
PROD000581,Nike T-shirt V9,Sports,Nike,6917.33,46,3181.97,3735.36,496,1.22,4.24,50
PROD000582,Puma Shoes V3,Sports,Puma,33017.93,26,8584.66,24433.27,50,1.95,4.35,52
PROD000583,Decathlon Cycle V1,Sports,Decathlon,6149.92,18,1106.99,5042.93,954,2.54,4.33,55
PROD000584,Yoga Mat V8,Sports,Yoga,21423.71,13,2785.08,18638.63,22,0.53,4.29,56
PROD000585,Dumbbells V9,Sports,Dumbbells,12800.9,31,3968.28,8832.62,91,2.26,4.17,46
PROD000586,Fiction Novel V3,Books,Fiction,617.1,12,74.05,543.05,735,3.74,4.41,49
PROD000587,NCERT Book V8,Books,NCERT,302.55,44,133.12,169.43,166,3.28,4.43,35
PROD000588,Comics V2,Books,Comics,897.21,49,439.63,457.58,544,2.7,4.35,31
PROD000589,Notebook V8,Books,Notebook,1596.15,25,399.04,1197.11,149,4.17,4.5,44
PROD000590,Stationery Set V3,Books,Stationery,1302.56,25,325.64,976.92,439,1.11,4.42,26
PROD000591,Aashirvaad Atta V5,Grocery,Aashirvaad,809.69,12,97.16,712.53,937,2.44,4.45,62
PROD000592,Fortune Oil V10,Grocery,Fortune,2166.87,31,671.73,1495.14,354,1.6,4.32,56
PROD000593,Lays Chips V5,Grocery,Lays,2798.03,39,1091.23,1706.8,723,3.38,4.46,61
PROD000594,Nescafe Coffee V1,Grocery,Nescafe,187.63,50,93.81,93.82,24,1.86,4.42,59
PROD000595,Haldiram Snacks V9,Grocery,Haldiram,1254.73,26,326.23,928.5,735,2.37,4.29,49
PROD000596,Samsung Mobile V3,Electronics,Samsung,67256.99,14,9415.98,57841.01,944,4.54,4.44,114
PROD000597,HP Laptop V5,Electronics,HP,98158.2,41,40244.86,57913.34,665,2.8,4.4,112
PROD000598,boAt Headphones V8,Electronics,boAt,132881.19,31,41193.17,91688.02,704,0.74,4.34,115
PROD000599,Noise Watch V1,Electronics,Noise,103962.97,28,29109.63,74853.34,453,0.95,4.33,112
PROD000600,Apple iPhone V8,Electronics,Apple,21961.82,17,3733.51,18228.31,711,2.45,4.35,108
PROD000601,Levis Jeans V1,Fashion,Levis,4956.86,30,1487.06,3469.8,534,1.92,4.48,82
PROD000602,Peter England Shirt V10,Fashion,Peter,2330.18,26,605.85,1724.33,841,0.67,4.33,88
PROD000603,Nike Shoes V10,Fashion,Nike,3005.24,16,480.84,2524.4,194,0.75,4.57,82
PROD000604,Titan Watch V2,Fashion,Titan,881.77,15,132.27,749.5,901,2.93,4.33,85
PROD000605,Puma T-shirt V4,Fashion,Puma,1916.97,21,402.56,1514.41,768,0.31,4.3,73
PROD000606,IKEA Chair V9,Home,IKEA,7821.01,17,1329.57,6491.44,665,2.15,4.44,55
PROD000607,Prestige Cooker V2,Home,Prestige,34292.87,38,13031.29,21261.58,435,1.69,4.5,60
PROD000608,Philips Mixer V1,Home,Philips,8709.44,47,4093.44,4616,888,2.19,4.37,54
PROD000609,Godrej Almirah V1,Home,Godrej,20643.06,24,4954.33,15688.73,623,2.29,4.55,44
PROD000610,Urban Ladder Sofa V8,Home,Urban,3360.63,27,907.37,2453.26,495,0.62,4.5,44
PROD000611,Lakme Lipstick V4,Beauty,Lakme,1336.89,31,414.44,922.45,768,0.6,4.3,30
PROD000612,Mamaearth Facewash V3,Beauty,Mamaearth,1300.35,37,481.13,819.22,768,1.5,4.29,24
PROD000613,Nivea Cream V9,Beauty,Nivea,2382.67,14,333.57,2049.1,92,3.34,4.19,32
PROD000614,Dove Soap V1,Beauty,Dove,4394.72,27,1186.57,3208.15,236,2.25,4.31,26
PROD000615,Plum Serum V3,Beauty,Plum,3275.31,29,949.84,2325.47,968,3.39,4.3,27
PROD000616,Nike T-shirt V5,Sports,Nike,29800.86,49,14602.42,15198.44,706,3.45,4.59,54
PROD000617,Puma Shoes V3,Sports,Puma,16954.78,30,5086.43,11868.35,225,2.93,4.49,63
PROD000618,Decathlon Cycle V4,Sports,Decathlon,16313,46,7503.98,8809.02,888,3.81,4.36,44
PROD000619,Yoga Mat V10,Sports,Yoga,15267.68,26,3969.6,11298.08,953,1.85,4.4,47
PROD000620,Dumbbells V1,Sports,Dumbbells,27297.44,28,7643.28,19654.16,985,3.31,4.35,46
PROD000621,Fiction Novel V8,Books,Fiction,537.05,32,171.86,365.19,590,3.48,4.33,27
PROD000622,NCERT Book V3,Books,NCERT,1531.11,39,597.13,933.98,986,3.67,4.59,37
PROD000623,Comics V3,Books,Comics,432.04,40,172.82,259.22,702,1.38,4.27,45
PROD000624,Notebook V9,Books,Notebook,178.26,42,74.87,103.39,508,1.84,4.47,32
PROD000625,Stationery Set V3,Books,Stationery,1848.47,15,277.27,1571.2,812,4.5,4.69,35
PROD000626,Aashirvaad Atta V5,Grocery,Aashirvaad,2911.32,10,291.13,2620.19,127,3.19,4.33,51
PROD000627,Fortune Oil V6,Grocery,Fortune,1567.18,10,156.72,1410.46,540,0.74,4.46,65
PROD000628,Lays Chips V5,Grocery,Lays,2099.79,31,650.93,1448.86,91,4.41,4.47,59
PROD000629,Nescafe Coffee V7,Grocery,Nescafe,2583.69,24,620.09,1963.6,308,3.04,4.39,57
PROD000630,Haldiram Snacks V3,Grocery,Haldiram,2190.12,9,197.11,1993.01,560,3.62,4.52,62
PROD000631,Samsung Mobile V3,Electronics,Samsung,49998.08,27,13499.48,36498.6,837,3.09,4.33,104
PROD000632,HP Laptop V6,Electronics,HP,85214.72,21,17895.09,67319.63,886,2.94,4.46,124
PROD000633,boAt Headphones V6,Electronics,boAt,88254.01,6,5295.24,82958.77,170,2.95,4.48,111
PROD000634,Noise Watch V3,Electronics,Noise,3300.1,41,1353.04,1947.06,612,1.69,4.43,115
PROD000635,Apple iPhone V6,Electronics,Apple,122892.03,34,41783.29,81108.74,630,3,4.42,116
PROD000636,Levis Jeans V10,Fashion,Levis,6368.68,38,2420.1,3948.58,148,0.9,4.42,78
PROD000637,Peter England Shirt V6,Fashion,Peter,2892.78,20,578.56,2314.22,477,4.07,4.54,84
PROD000638,Nike Shoes V7,Fashion,Nike,11372.41,35,3980.34,7392.07,797,1.26,4.33,73
PROD000639,Titan Watch V8,Fashion,Titan,4064.06,47,1910.11,2153.95,336,0.98,4.42,77
PROD000640,Puma T-shirt V8,Fashion,Puma,1031.91,8,82.55,949.36,166,0.63,4.28,83
PROD000641,IKEA Chair V2,Home,IKEA,3532.88,41,1448.48,2084.4,74,4.01,4.41,51
PROD000642,Prestige Cooker V8,Home,Prestige,40020.76,41,16408.51,23612.25,932,0.47,4.52,46
PROD000643,Philips Mixer V6,Home,Philips,35807.57,5,1790.38,34017.19,476,4.01,4.44,48
PROD000644,Godrej Almirah V5,Home,Godrej,44181.45,35,15463.51,28717.94,68,2.27,4.42,43
PROD000645,Urban Ladder Sofa V8,Home,Urban,6372.64,5,318.63,6054.01,135,0.66,4.46,57
PROD000646,Lakme Lipstick V4,Beauty,Lakme,1611.17,13,209.45,1401.72,390,3.47,4.42,24
PROD000647,Mamaearth Facewash V4,Beauty,Mamaearth,2243.43,38,852.5,1390.93,957,3.9,4.32,28
PROD000648,Nivea Cream V1,Beauty,Nivea,2552.33,8,204.19,2348.14,364,3.08,4.5,24
PROD000649,Dove Soap V2,Beauty,Dove,713.25,18,128.38,584.87,107,3.51,4.48,23
PROD000650,Plum Serum V5,Beauty,Plum,1884.44,8,150.76,1733.68,904,4.64,4.38,29
PROD000651,Nike T-shirt V8,Sports,Nike,17712.73,27,4782.44,12930.29,317,2.01,4.26,61
PROD000652,Puma Shoes V9,Sports,Puma,8359.33,12,1003.12,7356.21,715,1.21,4.39,57
PROD000653,Decathlon Cycle V10,Sports,Decathlon,1016.46,16,162.63,853.83,525,2.68,4.44,52
PROD000654,Yoga Mat V3,Sports,Yoga,19822.07,39,7730.61,12091.46,275,4.07,4.19,47
PROD000655,Dumbbells V10,Sports,Dumbbells,5015,26,1303.9,3711.1,260,4.12,4.43,54
PROD000656,Fiction Novel V2,Books,Fiction,159.99,21,33.6,126.39,599,2.2,4.51,35
PROD000657,NCERT Book V2,Books,NCERT,1709.54,29,495.77,1213.77,434,0.3,4.27,26
PROD000658,Comics V7,Books,Comics,1893.37,37,700.55,1192.82,466,1.86,4.61,33
PROD000659,Notebook V2,Books,Notebook,914.85,17,155.52,759.33,477,0.53,4.65,26
PROD000660,Stationery Set V1,Books,Stationery,579.75,10,57.98,521.77,396,1.34,4.5,28
PROD000661,Aashirvaad Atta V5,Grocery,Aashirvaad,615.62,34,209.31,406.31,153,1.91,4.51,63
PROD000662,Fortune Oil V10,Grocery,Fortune,1102.83,24,264.68,838.15,157,1.25,4.21,71
PROD000663,Lays Chips V4,Grocery,Lays,1380.63,26,358.96,1021.67,371,2.67,4.61,41
PROD000664,Nescafe Coffee V5,Grocery,Nescafe,1262.9,34,429.39,833.51,796,4.61,4.36,59
PROD000665,Haldiram Snacks V1,Grocery,Haldiram,1666.93,11,183.36,1483.57,691,2.87,4.41,58
PROD000666,Samsung Mobile V9,Electronics,Samsung,109626.08,12,13155.13,96470.95,367,2.26,4.33,115
PROD000667,HP Laptop V2,Electronics,HP,140155.99,43,60267.08,79888.91,353,2.88,4.43,109
PROD000668,boAt Headphones V2,Electronics,boAt,32879.47,19,6247.1,26632.37,312,4.18,4.36,106
PROD000669,Noise Watch V4,Electronics,Noise,8029.99,33,2649.9,5380.09,958,0.99,4.42,105
PROD000670,Apple iPhone V10,Electronics,Apple,60307.99,31,18695.48,41612.51,205,4.91,4.35,109
PROD000671,Levis Jeans V2,Fashion,Levis,11550.47,39,4504.68,7045.79,36,4.02,4.44,78
PROD000672,Peter England Shirt V2,Fashion,Peter,8024.73,41,3290.14,4734.59,462,1.36,4.48,94
PROD000673,Nike Shoes V9,Fashion,Nike,13672.73,5,683.64,12989.09,918,3.97,4.52,86
PROD000674,Titan Watch V2,Fashion,Titan,7803.93,32,2497.26,5306.67,587,2.29,4.34,80
PROD000675,Puma T-shirt V10,Fashion,Puma,13459.39,5,672.97,12786.42,427,1.85,4.45,93
PROD000676,IKEA Chair V7,Home,IKEA,854.67,24,205.12,649.55,872,4.97,4.43,68
PROD000677,Prestige Cooker V7,Home,Prestige,14087.73,27,3803.69,10284.04,64,2.68,4.38,55
PROD000678,Philips Mixer V9,Home,Philips,28121.1,32,8998.75,19122.35,506,2.96,4.34,38
PROD000679,Godrej Almirah V7,Home,Godrej,47067.14,23,10825.44,36241.7,339,1.98,4.43,56
PROD000680,Urban Ladder Sofa V6,Home,Urban,42475.16,17,7220.78,35254.38,24,4.76,4.48,61
PROD000681,Lakme Lipstick V2,Beauty,Lakme,1246.03,18,224.29,1021.74,206,4.15,4.4,25
PROD000682,Mamaearth Facewash V10,Beauty,Mamaearth,1092.96,14,153.01,939.95,377,4.99,4.26,31
PROD000683,Nivea Cream V10,Beauty,Nivea,2864.02,6,171.84,2692.18,746,2.08,4.47,36
PROD000684,Dove Soap V1,Beauty,Dove,4269.45,33,1408.92,2860.53,759,2,4.44,36
PROD000685,Plum Serum V4,Beauty,Plum,598.87,25,149.72,449.15,462,4.35,4.38,26
PROD000686,Nike T-shirt V1,Sports,Nike,25510.03,34,8673.41,16836.62,603,1.59,4.36,55
PROD000687,Puma Shoes V5,Sports,Puma,34983.86,8,2798.71,32185.15,861,2.28,4.28,58
PROD000688,Decathlon Cycle V7,Sports,Decathlon,10071.33,13,1309.27,8762.06,857,4.8,4.42,45
PROD000689,Yoga Mat V6,Sports,Yoga,4434.87,43,1906.99,2527.88,322,3.07,4.32,60
PROD000690,Dumbbells V8,Sports,Dumbbells,20262.98,39,7902.56,12360.42,718,1.67,4.35,46
PROD000691,Fiction Novel V3,Books,Fiction,586.45,33,193.53,392.92,997,3.64,4.3,30
PROD000692,NCERT Book V1,Books,NCERT,750.85,6,45.05,705.8,152,2.25,4.41,39
PROD000693,Comics V8,Books,Comics,715.29,25,178.82,536.47,526,0.96,4.64,25
PROD000694,Notebook V10,Books,Notebook,1316.79,30,395.04,921.75,860,1.94,4.41,29
PROD000695,Stationery Set V4,Books,Stationery,1592.08,11,175.13,1416.95,280,4.14,4.39,31
PROD000696,Aashirvaad Atta V8,Grocery,Aashirvaad,527.86,49,258.65,269.21,486,1.29,4.54,61
PROD000697,Fortune Oil V7,Grocery,Fortune,2556.88,30,767.06,1789.82,818,3.78,4.45,64
PROD000698,Lays Chips V1,Grocery,Lays,2949.11,7,206.44,2742.67,819,3.01,4.38,53
PROD000699,Nescafe Coffee V10,Grocery,Nescafe,183.18,36,65.94,117.24,689,0.45,4.5,62
PROD000700,Haldiram Snacks V5,Grocery,Haldiram,2997.45,25,749.36,2248.09,88,1.28,4.4,58
PROD000701,Samsung Mobile V3,Electronics,Samsung,23910.89,33,7890.59,16020.3,830,2.73,4.37,110
PROD000702,HP Laptop V9,Electronics,HP,77898.33,27,21032.55,56865.78,601,3.99,4.37,118
PROD000703,boAt Headphones V3,Electronics,boAt,145577.42,38,55319.42,90258,572,3.98,4.38,104
PROD000704,Noise Watch V4,Electronics,Noise,99216.29,41,40678.68,58537.61,868,4.15,4.47,101
PROD000705,Apple iPhone V5,Electronics,Apple,135679.85,43,58342.34,77337.51,451,3.68,4.48,85
PROD000706,Levis Jeans V7,Fashion,Levis,7306.19,24,1753.49,5552.7,479,0.98,4.38,74
PROD000707,Peter England Shirt V2,Fashion,Peter,7725.08,50,3862.54,3862.54,615,2.91,4.44,99
PROD000708,Nike Shoes V10,Fashion,Nike,5752.76,26,1495.72,4257.04,623,3.6,4.43,86
PROD000709,Titan Watch V6,Fashion,Titan,1920.15,43,825.66,1094.49,76,2.53,4.37,83
PROD000710,Puma T-shirt V2,Fashion,Puma,11702.93,50,5851.47,5851.46,547,0.44,4.39,90
PROD000711,IKEA Chair V2,Home,IKEA,47488.39,16,7598.14,39890.25,602,3.7,4.43,72
PROD000712,Prestige Cooker V5,Home,Prestige,42981.18,41,17622.28,25358.9,852,4.64,4.46,69
PROD000713,Philips Mixer V5,Home,Philips,22301.58,49,10927.77,11373.81,244,0.35,4.55,51
PROD000714,Godrej Almirah V10,Home,Godrej,30565.93,11,3362.25,27203.68,711,0.9,4.23,65
PROD000715,Urban Ladder Sofa V7,Home,Urban,3086.9,46,1419.97,1666.93,149,4.17,4.45,66
PROD000716,Lakme Lipstick V5,Beauty,Lakme,3393.79,9,305.44,3088.35,575,1.19,4.32,28
PROD000717,Mamaearth Facewash V1,Beauty,Mamaearth,4256.29,30,1276.89,2979.4,314,1.37,4.57,28
PROD000718,Nivea Cream V6,Beauty,Nivea,305.85,13,39.76,266.09,946,3,4.31,32
PROD000719,Dove Soap V7,Beauty,Dove,2027.26,14,283.82,1743.44,556,0.35,4.32,28
PROD000720,Plum Serum V6,Beauty,Plum,201.86,48,96.89,104.97,629,3.17,4.26,35
PROD000721,Nike T-shirt V2,Sports,Nike,29584.57,9,2662.61,26921.96,458,3.94,4.35,54
PROD000722,Puma Shoes V2,Sports,Puma,20855,9,1876.95,18978.05,694,4.46,4.23,61
PROD000723,Decathlon Cycle V9,Sports,Decathlon,29244.69,25,7311.17,21933.52,655,2.07,4.37,46
PROD000724,Yoga Mat V5,Sports,Yoga,22827.56,6,1369.65,21457.91,255,3.31,4.46,48
PROD000725,Dumbbells V3,Sports,Dumbbells,3198.1,19,607.64,2590.46,35,1.59,4.31,45
PROD000726,Fiction Novel V8,Books,Fiction,129.73,45,58.38,71.35,803,4.71,4.51,39
PROD000727,NCERT Book V6,Books,NCERT,1525.44,30,457.63,1067.81,379,3.9,4.58,38
PROD000728,Comics V4,Books,Comics,354.82,8,28.39,326.43,889,0.33,4.44,39
PROD000729,Notebook V10,Books,Notebook,1583.56,20,316.71,1266.85,924,3.86,4.57,35
PROD000730,Stationery Set V6,Books,Stationery,845.25,16,135.24,710.01,124,2.41,4.17,35
PROD000731,Aashirvaad Atta V4,Grocery,Aashirvaad,1110.27,45,499.62,610.65,375,4.28,4.42,53
PROD000732,Fortune Oil V10,Grocery,Fortune,1235.71,30,370.71,865,898,1.56,4.31,52
PROD000733,Lays Chips V3,Grocery,Lays,759.78,49,372.29,387.49,191,4.99,4.38,42
PROD000734,Nescafe Coffee V4,Grocery,Nescafe,2775.92,46,1276.92,1499,568,0.79,4.25,51
PROD000735,Haldiram Snacks V5,Grocery,Haldiram,2725.82,15,408.87,2316.95,537,2.08,4.38,64
PROD000736,Samsung Mobile V2,Electronics,Samsung,14480.92,6,868.86,13612.06,14,3.16,4.31,106
PROD000737,HP Laptop V6,Electronics,HP,61824.59,7,4327.72,57496.87,731,3.22,4.41,101
PROD000738,boAt Headphones V3,Electronics,boAt,21075.29,50,10537.65,10537.64,278,1.32,4.39,109
PROD000739,Noise Watch V9,Electronics,Noise,60369.91,9,5433.29,54936.62,963,1.02,4.4,121
PROD000740,Apple iPhone V7,Electronics,Apple,111926.71,38,42532.15,69394.56,596,3.37,4.47,104
PROD000741,Levis Jeans V3,Fashion,Levis,3455.72,26,898.49,2557.23,127,1.65,4.35,104
PROD000742,Peter England Shirt V3,Fashion,Peter,5478.98,47,2575.12,2903.86,173,1.44,4.44,84
PROD000743,Nike Shoes V8,Fashion,Nike,3011.89,12,361.43,2650.46,133,4.22,4.38,69
PROD000744,Titan Watch V3,Fashion,Titan,5321.57,14,745.02,4576.55,962,2.98,4.46,74
PROD000745,Puma T-shirt V7,Fashion,Puma,7714.44,7,540.01,7174.43,851,4.66,4.39,93
PROD000746,IKEA Chair V8,Home,IKEA,29546.88,37,10932.35,18614.53,666,2.53,4.44,64
PROD000747,Prestige Cooker V7,Home,Prestige,49657.52,42,20856.16,28801.36,371,0.34,4.53,51
PROD000748,Philips Mixer V1,Home,Philips,49200.52,39,19188.2,30012.32,484,0.62,4.45,49
PROD000749,Godrej Almirah V10,Home,Godrej,13565.93,16,2170.55,11395.38,575,1.9,4.55,42
PROD000750,Urban Ladder Sofa V3,Home,Urban,22105.12,34,7515.74,14589.38,818,0.31,4.29,45
PROD000751,Lakme Lipstick V5,Beauty,Lakme,4873.75,49,2388.14,2485.61,89,1.69,4.41,41
PROD000752,Mamaearth Facewash V8,Beauty,Mamaearth,639.02,40,255.61,383.41,262,1.78,4.59,27
PROD000753,Nivea Cream V8,Beauty,Nivea,3944.61,27,1065.04,2879.57,820,4.03,4.41,22
PROD000754,Dove Soap V3,Beauty,Dove,3084.35,24,740.24,2344.11,59,2.71,4.54,26
PROD000755,Plum Serum V10,Beauty,Plum,221.92,12,26.63,195.29,963,1.37,4.5,28
PROD000756,Nike T-shirt V2,Sports,Nike,6737.17,10,673.72,6063.45,519,4.59,4.54,54
PROD000757,Puma Shoes V4,Sports,Puma,31796.45,26,8267.08,23529.37,203,2.47,4.33,63
PROD000758,Decathlon Cycle V2,Sports,Decathlon,14103.14,30,4230.94,9872.2,246,2.79,4.34,41
PROD000759,Yoga Mat V9,Sports,Yoga,8225.15,44,3619.07,4606.08,872,2.72,4.1,39
PROD000760,Dumbbells V1,Sports,Dumbbells,17145.63,9,1543.11,15602.52,909,4.19,4.33,55
PROD000761,Fiction Novel V5,Books,Fiction,886.06,34,301.26,584.8,419,3.96,4.17,35
PROD000762,NCERT Book V1,Books,NCERT,852.61,28,238.73,613.88,997,1.33,4.31,29
PROD000763,Comics V8,Books,Comics,491.78,21,103.27,388.51,147,4.72,4.42,26
PROD000764,Notebook V2,Books,Notebook,1873.14,49,917.84,955.3,117,0.38,4.43,35
PROD000765,Stationery Set V4,Books,Stationery,1802.2,43,774.95,1027.25,624,1.59,4.43,44
PROD000766,Aashirvaad Atta V10,Grocery,Aashirvaad,2552.91,26,663.76,1889.15,984,3.5,4.36,50
PROD000767,Fortune Oil V10,Grocery,Fortune,1200.48,27,324.13,876.35,1000,1.41,4.39,56
PROD000768,Lays Chips V7,Grocery,Lays,2540.63,29,736.78,1803.85,792,1.4,4.39,54
PROD000769,Nescafe Coffee V10,Grocery,Nescafe,2841.61,8,227.33,2614.28,334,3.15,4.35,60
PROD000770,Haldiram Snacks V1,Grocery,Haldiram,2487.6,17,422.89,2064.71,111,1.77,4.28,58
PROD000771,Samsung Mobile V7,Electronics,Samsung,97819.02,13,12716.47,85102.55,345,2.79,4.4,110
PROD000772,HP Laptop V2,Electronics,HP,128185.1,12,15382.21,112802.89,809,4.14,4.3,122
PROD000773,boAt Headphones V5,Electronics,boAt,98396.88,36,35422.88,62974,583,2.26,4.38,117
PROD000774,Noise Watch V4,Electronics,Noise,73341.95,15,11001.29,62340.66,757,0.34,4.39,113
PROD000775,Apple iPhone V3,Electronics,Apple,24446.63,37,9045.25,15401.38,297,3.58,4.49,112
PROD000776,Levis Jeans V2,Fashion,Levis,6069.03,36,2184.85,3884.18,193,0.79,4.5,80
PROD000777,Peter England Shirt V9,Fashion,Peter,14390.77,25,3597.69,10793.08,963,0.78,4.41,95
PROD000778,Nike Shoes V2,Fashion,Nike,6611.81,43,2843.08,3768.73,877,1.85,4.41,68
PROD000779,Titan Watch V1,Fashion,Titan,11411.17,21,2396.35,9014.82,559,2.95,4.38,77
PROD000780,Puma T-shirt V1,Fashion,Puma,4233.17,13,550.31,3682.86,475,0.61,4.44,78
PROD000781,IKEA Chair V10,Home,IKEA,1292.58,21,271.44,1021.14,227,3.34,4.45,51
PROD000782,Prestige Cooker V8,Home,Prestige,34199.35,31,10601.8,23597.55,358,1.27,4.34,50
PROD000783,Philips Mixer V2,Home,Philips,14541.95,27,3926.33,10615.62,369,2.53,4.39,54
PROD000784,Godrej Almirah V9,Home,Godrej,33765.46,34,11480.26,22285.2,476,1.38,4.17,64
PROD000785,Urban Ladder Sofa V9,Home,Urban,47929.4,49,23485.41,24443.99,385,2.31,4.36,55
PROD000786,Lakme Lipstick V10,Beauty,Lakme,2864.5,5,143.22,2721.28,754,2.38,4.5,38
PROD000787,Mamaearth Facewash V4,Beauty,Mamaearth,3954.27,48,1898.05,2056.22,701,4.7,4.5,30
PROD000788,Nivea Cream V2,Beauty,Nivea,2139.72,9,192.57,1947.15,388,0.65,4.47,32
PROD000789,Dove Soap V10,Beauty,Dove,2060.52,7,144.24,1916.28,271,2.86,4.45,38
PROD000790,Plum Serum V4,Beauty,Plum,764.79,7,53.54,711.25,116,2.8,4.45,29
PROD000791,Nike T-shirt V5,Sports,Nike,6797.98,48,3263.03,3534.95,881,4.54,4.22,41
PROD000792,Puma Shoes V1,Sports,Puma,11971.96,42,5028.22,6943.74,475,0.49,4.39,49
PROD000793,Decathlon Cycle V8,Sports,Decathlon,1175.47,8,94.04,1081.43,22,1.98,4.51,43
PROD000794,Yoga Mat V3,Sports,Yoga,26206.04,45,11792.72,14413.32,521,0.64,4.39,38
PROD000795,Dumbbells V10,Sports,Dumbbells,29962.16,37,11086,18876.16,542,4.05,4.57,35
PROD000796,Fiction Novel V5,Books,Fiction,1866.58,5,93.33,1773.25,58,3,4.44,36
PROD000797,NCERT Book V6,Books,NCERT,843.4,13,109.64,733.76,680,3.64,4.43,30
PROD000798,Comics V2,Books,Comics,524.31,8,41.94,482.37,206,2.56,4.34,29
PROD000799,Notebook V10,Books,Notebook,646.54,23,148.7,497.84,574,4.22,4.43,21
PROD000800,Stationery Set V10,Books,Stationery,1965.22,17,334.09,1631.13,863,3.49,4.32,37
PROD000801,Aashirvaad Atta V8,Grocery,Aashirvaad,691.06,48,331.71,359.35,407,4.78,4.4,57
PROD000802,Fortune Oil V1,Grocery,Fortune,2400.44,41,984.18,1416.26,120,0.29,4.29,51
PROD000803,Lays Chips V5,Grocery,Lays,840.36,43,361.35,479.01,934,4.41,4.41,54
PROD000804,Nescafe Coffee V4,Grocery,Nescafe,1891.23,17,321.51,1569.72,472,3.05,4.49,57
PROD000805,Haldiram Snacks V4,Grocery,Haldiram,1277.16,10,127.72,1149.44,98,1.54,4.33,58
PROD000806,Samsung Mobile V1,Electronics,Samsung,131246.07,10,13124.61,118121.46,735,2.88,4.35,110
PROD000807,HP Laptop V1,Electronics,HP,130234.89,43,56001,74233.89,180,0.32,4.36,116
PROD000808,boAt Headphones V6,Electronics,boAt,6480.27,20,1296.05,5184.22,63,4.33,4.41,114
PROD000809,Noise Watch V1,Electronics,Noise,112739.48,5,5636.97,107102.51,504,4.57,4.38,105
PROD000810,Apple iPhone V8,Electronics,Apple,16461.55,34,5596.93,10864.62,437,3.47,4.37,117
PROD000811,Levis Jeans V8,Fashion,Levis,9902.33,32,3168.75,6733.58,527,1.2,4.31,90
PROD000812,Peter England Shirt V2,Fashion,Peter,14663.94,30,4399.18,10264.76,119,2.88,4.37,71
PROD000813,Nike Shoes V7,Fashion,Nike,8478.88,28,2374.09,6104.79,241,4.29,4.41,92
PROD000814,Titan Watch V10,Fashion,Titan,10570.53,48,5073.85,5496.68,486,2.63,4.56,75
PROD000815,Puma T-shirt V9,Fashion,Puma,7568.81,36,2724.77,4844.04,326,1.78,4.32,91
PROD000816,IKEA Chair V8,Home,IKEA,10686.58,11,1175.52,9511.06,47,4.66,4.25,55
PROD000817,Prestige Cooker V10,Home,Prestige,21621.08,49,10594.33,11026.75,486,1.21,4.45,51
PROD000818,Philips Mixer V2,Home,Philips,45222.77,45,20350.25,24872.52,202,0.96,4.52,48
PROD000819,Godrej Almirah V10,Home,Godrej,18667.81,32,5973.7,12694.11,72,0.78,4.42,71
PROD000820,Urban Ladder Sofa V1,Home,Urban,43882.77,11,4827.1,39055.67,735,3.55,4.29,76
PROD000821,Lakme Lipstick V6,Beauty,Lakme,3223.93,5,161.2,3062.73,333,4.06,4.42,36
PROD000822,Mamaearth Facewash V5,Beauty,Mamaearth,1301.19,35,455.42,845.77,379,4.49,4.29,35
PROD000823,Nivea Cream V5,Beauty,Nivea,826.11,17,140.44,685.67,594,3.23,3.91,22
PROD000824,Dove Soap V9,Beauty,Dove,3546.99,12,425.64,3121.35,214,1.24,4.36,22
PROD000825,Plum Serum V8,Beauty,Plum,2232.45,9,200.92,2031.53,832,1.84,4.3,30
PROD000826,Nike T-shirt V1,Sports,Nike,22685.65,13,2949.13,19736.52,396,2.75,4.42,45
PROD000827,Puma Shoes V2,Sports,Puma,4092.79,26,1064.13,3028.66,328,2.61,4.37,43
PROD000828,Decathlon Cycle V2,Sports,Decathlon,3216.19,29,932.7,2283.49,537,4.46,4.42,48
PROD000829,Yoga Mat V1,Sports,Yoga,4590.26,24,1101.66,3488.6,253,3.65,4.5,64
PROD000830,Dumbbells V6,Sports,Dumbbells,29822.06,46,13718.15,16103.91,686,1.56,4.39,44
PROD000831,Fiction Novel V6,Books,Fiction,967.02,8,77.36,889.66,36,3.79,4.5,34
PROD000832,NCERT Book V4,Books,NCERT,677.06,22,148.95,528.11,395,0.39,4.67,30
PROD000833,Comics V7,Books,Comics,1486.01,8,118.88,1367.13,344,0.83,4.5,32
PROD000834,Notebook V3,Books,Notebook,1035.34,44,455.55,579.79,923,3.99,4.15,27
PROD000835,Stationery Set V4,Books,Stationery,406.11,36,146.2,259.91,205,2.93,4.33,42
PROD000836,Aashirvaad Atta V7,Grocery,Aashirvaad,1570.11,40,628.04,942.07,679,2.96,4.36,76
PROD000837,Fortune Oil V9,Grocery,Fortune,525.08,33,173.28,351.8,219,1.04,4.46,61
PROD000838,Lays Chips V7,Grocery,Lays,711.67,34,241.97,469.7,217,2.29,4.34,44
PROD000839,Nescafe Coffee V7,Grocery,Nescafe,455.36,47,214.02,241.34,508,1.82,4.42,67
PROD000840,Haldiram Snacks V4,Grocery,Haldiram,1587.81,45,714.51,873.3,47,4.99,4.4,57
PROD000841,Samsung Mobile V4,Electronics,Samsung,114197.97,19,21697.61,92500.36,57,1.08,4.43,115
PROD000842,HP Laptop V7,Electronics,HP,120598.73,39,47033.5,73565.23,732,2.76,4.38,111
PROD000843,boAt Headphones V2,Electronics,boAt,59958.22,6,3597.49,56360.73,206,2.39,4.42,122
PROD000844,Noise Watch V3,Electronics,Noise,83941.3,31,26021.8,57919.5,226,0.76,4.48,101
PROD000845,Apple iPhone V4,Electronics,Apple,113314.26,21,23795.99,89518.27,860,4.06,4.39,125
PROD000846,Levis Jeans V10,Fashion,Levis,1600.59,36,576.21,1024.38,485,3.5,4.38,81
PROD000847,Peter England Shirt V4,Fashion,Peter,8647.91,41,3545.64,5102.27,158,4.52,4.26,93
PROD000848,Nike Shoes V2,Fashion,Nike,13766.35,35,4818.22,8948.13,416,1.68,4.23,71
PROD000849,Titan Watch V2,Fashion,Titan,7797.79,17,1325.62,6472.17,419,4.85,4.36,81
PROD000850,Puma T-shirt V7,Fashion,Puma,2692.16,19,511.51,2180.65,681,0.61,4.37,91
PROD000851,IKEA Chair V7,Home,IKEA,30502.03,16,4880.32,25621.71,421,3.66,4.31,58
PROD000852,Prestige Cooker V4,Home,Prestige,22607.58,34,7686.58,14921,520,0.76,4.5,52
PROD000853,Philips Mixer V9,Home,Philips,17383.21,34,5910.29,11472.92,399,3.7,4.41,69
PROD000854,Godrej Almirah V7,Home,Godrej,1092.8,49,535.47,557.33,964,0.55,4.47,58
PROD000855,Urban Ladder Sofa V8,Home,Urban,3215.9,13,418.07,2797.83,209,1.81,4.38,52
PROD000856,Lakme Lipstick V9,Beauty,Lakme,2967.58,47,1394.76,1572.82,958,2.32,4.44,27
PROD000857,Mamaearth Facewash V9,Beauty,Mamaearth,1615.3,49,791.5,823.8,210,3.97,4.32,31
PROD000858,Nivea Cream V2,Beauty,Nivea,3117.5,46,1434.05,1683.45,201,3.86,4.45,29
PROD000859,Dove Soap V6,Beauty,Dove,494.11,14,69.18,424.93,127,3.28,4.42,31
PROD000860,Plum Serum V10,Beauty,Plum,1255.25,39,489.55,765.7,723,4.56,4.5,26
PROD000861,Nike T-shirt V8,Sports,Nike,31924.24,50,15962.12,15962.12,362,3.73,4.4,43
PROD000862,Puma Shoes V6,Sports,Puma,13491.76,50,6745.88,6745.88,413,3.68,4.49,49
PROD000863,Decathlon Cycle V9,Sports,Decathlon,30102.8,11,3311.31,26791.49,996,4.53,4.39,64
PROD000864,Yoga Mat V7,Sports,Yoga,28976.16,43,12459.75,16516.41,177,2.61,4.4,52
PROD000865,Dumbbells V3,Sports,Dumbbells,19408.69,22,4269.91,15138.78,573,1.55,4.32,47
PROD000866,Fiction Novel V2,Books,Fiction,1006.27,43,432.7,573.57,448,0.86,4.5,28
PROD000867,NCERT Book V4,Books,NCERT,1821.88,30,546.56,1275.32,645,0.55,4.54,41
PROD000868,Comics V2,Books,Comics,1698.9,7,118.92,1579.98,397,3.16,4.47,34
PROD000869,Notebook V10,Books,Notebook,1756.49,16,281.04,1475.45,160,3.59,4.44,41
PROD000870,Stationery Set V1,Books,Stationery,402.52,18,72.45,330.07,672,1.4,4.58,33
PROD000871,Aashirvaad Atta V9,Grocery,Aashirvaad,447.28,45,201.28,246,269,4.26,4.46,57
PROD000872,Fortune Oil V2,Grocery,Fortune,742.62,17,126.25,616.37,983,4.61,4.25,69
PROD000873,Lays Chips V1,Grocery,Lays,370.85,29,107.55,263.3,629,2.5,4.53,59
PROD000874,Nescafe Coffee V10,Grocery,Nescafe,2969.62,45,1336.33,1633.29,463,4.93,4.65,60
PROD000875,Haldiram Snacks V1,Grocery,Haldiram,1138.76,30,341.63,797.13,367,2.96,4.37,49
PROD000876,Samsung Mobile V5,Electronics,Samsung,67954.39,45,30579.48,37374.91,969,0.74,4.29,98
PROD000877,HP Laptop V9,Electronics,HP,123804.99,8,9904.4,113900.59,261,4.01,4.48,108
PROD000878,boAt Headphones V9,Electronics,boAt,83596.16,44,36782.31,46813.85,392,4.59,4.33,121
PROD000879,Noise Watch V3,Electronics,Noise,23355.32,47,10977,12378.32,156,1.59,4.46,114
PROD000880,Apple iPhone V4,Electronics,Apple,96639.93,48,46387.17,50252.76,141,1.96,4.35,102
PROD000881,Levis Jeans V7,Fashion,Levis,13742.43,22,3023.33,10719.1,103,2.4,4.53,89
PROD000882,Peter England Shirt V2,Fashion,Peter,5287.01,29,1533.23,3753.78,699,2.41,4.37,104
PROD000883,Nike Shoes V10,Fashion,Nike,5747.24,33,1896.59,3850.65,233,1.12,4.36,84
PROD000884,Titan Watch V6,Fashion,Titan,6675.53,29,1935.9,4739.63,643,0.6,4.35,79
PROD000885,Puma T-shirt V10,Fashion,Puma,10161.72,17,1727.49,8434.23,309,1.99,4.34,92
PROD000886,IKEA Chair V3,Home,IKEA,26927.82,44,11848.24,15079.58,803,2.69,4.38,63
PROD000887,Prestige Cooker V2,Home,Prestige,8445.65,15,1266.85,7178.8,406,4.43,4.47,51
PROD000888,Philips Mixer V3,Home,Philips,22514.71,43,9681.33,12833.38,238,1.66,4.43,47
PROD000889,Godrej Almirah V10,Home,Godrej,15604.04,34,5305.37,10298.67,972,1.99,4.43,51
PROD000890,Urban Ladder Sofa V3,Home,Urban,20538.5,12,2464.62,18073.88,112,2.79,4.43,67
PROD000891,Lakme Lipstick V9,Beauty,Lakme,4253.53,11,467.89,3785.64,973,3.08,4.43,30
PROD000892,Mamaearth Facewash V1,Beauty,Mamaearth,2512.81,49,1231.28,1281.53,408,3.15,4.57,28
PROD000893,Nivea Cream V2,Beauty,Nivea,3457.65,45,1555.94,1901.71,483,0.85,4.49,37
PROD000894,Dove Soap V8,Beauty,Dove,3057.91,14,428.11,2629.8,442,4.45,4.26,31
PROD000895,Plum Serum V5,Beauty,Plum,1179.97,35,412.99,766.98,815,4.59,4.4,20
PROD000896,Nike T-shirt V1,Sports,Nike,20139.47,5,1006.97,19132.5,136,2.67,4.3,43
PROD000897,Puma Shoes V10,Sports,Puma,8727.25,6,523.63,8203.62,184,2.3,4.26,57
PROD000898,Decathlon Cycle V8,Sports,Decathlon,3031.2,20,606.24,2424.96,484,2.27,4.21,48
PROD000899,Yoga Mat V4,Sports,Yoga,12625.55,44,5555.24,7070.31,944,2.19,4.49,39
PROD000900,Dumbbells V9,Sports,Dumbbells,31997.13,48,15358.62,16638.51,71,1.11,4.42,52
PROD000901,Fiction Novel V2,Books,Fiction,576.72,34,196.08,380.64,190,4.9,4.32,31
PROD000902,NCERT Book V8,Books,NCERT,944.04,22,207.69,736.35,750,1.23,4.39,36
PROD000903,Comics V2,Books,Comics,429.89,43,184.85,245.04,626,4.4,4.42,24
PROD000904,Notebook V5,Books,Notebook,1538.93,47,723.3,815.63,430,4.13,4.38,37
PROD000905,Stationery Set V10,Books,Stationery,1031.73,15,154.76,876.97,342,1.79,4.22,27
PROD000906,Aashirvaad Atta V2,Grocery,Aashirvaad,1842.74,17,313.27,1529.47,295,1.5,4.37,57
PROD000907,Fortune Oil V5,Grocery,Fortune,101.54,38,38.59,62.95,835,0.52,4.42,59
PROD000908,Lays Chips V10,Grocery,Lays,751.69,39,293.16,458.53,117,1.93,4.38,63
PROD000909,Nescafe Coffee V6,Grocery,Nescafe,2735.3,30,820.59,1914.71,22,0.67,4.46,72
PROD000910,Haldiram Snacks V8,Grocery,Haldiram,949.83,26,246.96,702.87,810,3.36,4.42,53
PROD000911,Samsung Mobile V8,Electronics,Samsung,79232.37,15,11884.86,67347.51,517,4.6,4.34,104
PROD000912,HP Laptop V10,Electronics,HP,130968.88,49,64174.75,66794.13,998,0.68,4.34,107
PROD000913,boAt Headphones V7,Electronics,boAt,48565.87,16,7770.54,40795.33,491,2.22,4.58,106
PROD000914,Noise Watch V5,Electronics,Noise,6434.55,25,1608.64,4825.91,922,3.47,4.39,131
PROD000915,Apple iPhone V7,Electronics,Apple,113404.1,17,19278.7,94125.4,980,1.06,4.45,108
PROD000916,Levis Jeans V4,Fashion,Levis,6678.33,39,2604.55,4073.78,777,3.42,4.4,92
PROD000917,Peter England Shirt V7,Fashion,Peter,1465.42,7,102.58,1362.84,225,2.33,4.48,91
PROD000918,Nike Shoes V7,Fashion,Nike,615.17,35,215.31,399.86,762,4.93,4.44,87
PROD000919,Titan Watch V10,Fashion,Titan,10605.85,5,530.29,10075.56,68,1.73,4.31,74
PROD000920,Puma T-shirt V3,Fashion,Puma,7656.07,11,842.17,6813.9,59,2.92,4.4,94
PROD000921,IKEA Chair V10,Home,IKEA,3634.11,11,399.75,3234.36,395,1.59,4.31,54
PROD000922,Prestige Cooker V2,Home,Prestige,9467.38,27,2556.19,6911.19,973,2.92,4.33,61
PROD000923,Philips Mixer V9,Home,Philips,32391.19,47,15223.86,17167.33,799,2.64,4.51,43
PROD000924,Godrej Almirah V5,Home,Godrej,44031.25,7,3082.19,40949.06,164,2.63,4.3,64
PROD000925,Urban Ladder Sofa V4,Home,Urban,36532.72,31,11325.14,25207.58,703,2.5,4.26,68
PROD000926,Lakme Lipstick V1,Beauty,Lakme,496.78,27,134.13,362.65,764,0.56,4.27,30
PROD000927,Mamaearth Facewash V4,Beauty,Mamaearth,2761.65,27,745.65,2016,444,3.43,4.52,33
PROD000928,Nivea Cream V1,Beauty,Nivea,2034.96,46,936.08,1098.88,297,3.91,4.63,27
PROD000929,Dove Soap V3,Beauty,Dove,3985.32,39,1554.27,2431.05,68,2.21,4.45,31
PROD000930,Plum Serum V1,Beauty,Plum,1551,37,573.87,977.13,849,0.62,4.05,19
PROD000931,Nike T-shirt V9,Sports,Nike,32601.93,12,3912.23,28689.7,169,2.41,4.41,46
PROD000932,Puma Shoes V5,Sports,Puma,20031.93,20,4006.39,16025.54,171,0.58,4.57,54
PROD000933,Decathlon Cycle V3,Sports,Decathlon,21742.36,9,1956.81,19785.55,686,3.68,4.4,47
PROD000934,Yoga Mat V10,Sports,Yoga,8602.59,34,2924.88,5677.71,278,0.22,4.35,52
PROD000935,Dumbbells V1,Sports,Dumbbells,11567.37,40,4626.95,6940.42,53,4.32,4.45,60
PROD000936,Fiction Novel V2,Books,Fiction,319.64,39,124.66,194.98,387,2.3,4.28,40
PROD000937,NCERT Book V5,Books,NCERT,1345.24,29,390.12,955.12,523,0.94,4.51,35
PROD000938,Comics V1,Books,Comics,602.29,44,265.01,337.28,897,4.24,4.32,41
PROD000939,Notebook V7,Books,Notebook,809.18,12,97.1,712.08,253,4.99,4.27,33
PROD000940,Stationery Set V8,Books,Stationery,891.38,33,294.16,597.22,353,1.88,4.23,26
PROD000941,Aashirvaad Atta V6,Grocery,Aashirvaad,762.33,43,327.8,434.53,172,4.22,4.37,57
PROD000942,Fortune Oil V6,Grocery,Fortune,939.98,49,460.59,479.39,531,2.18,4.34,62
PROD000943,Lays Chips V9,Grocery,Lays,288.13,38,109.49,178.64,747,2.45,4.4,65
PROD000944,Nescafe Coffee V3,Grocery,Nescafe,2056.36,47,966.49,1089.87,297,4.41,4.31,72
PROD000945,Haldiram Snacks V9,Grocery,Haldiram,1331.43,11,146.46,1184.97,880,3.54,4.32,59
PROD000946,Samsung Mobile V4,Electronics,Samsung,20390.52,12,2446.86,17943.66,225,1.69,4.4,107
PROD000947,HP Laptop V5,Electronics,HP,125203.96,5,6260.2,118943.76,745,4.41,4.42,107
PROD000948,boAt Headphones V8,Electronics,boAt,146221.84,30,43866.55,102355.29,106,3.31,4.42,108
PROD000949,Noise Watch V7,Electronics,Noise,67478.36,7,4723.49,62754.87,102,3.58,4.39,137
PROD000950,Apple iPhone V2,Electronics,Apple,79246,40,31698.4,47547.6,640,2.42,4.45,106
PROD000951,Levis Jeans V7,Fashion,Levis,2382.03,22,524.05,1857.98,798,2.31,4.56,95
PROD000952,Peter England Shirt V7,Fashion,Peter,2266.7,49,1110.68,1156.02,29,1.71,4.42,81
PROD000953,Nike Shoes V1,Fashion,Nike,7159.03,49,3507.92,3651.11,475,1.26,4.37,78
PROD000954,Titan Watch V6,Fashion,Titan,4642.18,26,1206.97,3435.21,465,2.51,4.48,75
PROD000955,Puma T-shirt V5,Fashion,Puma,4540.29,11,499.43,4040.86,797,1.87,4.44,90
PROD000956,IKEA Chair V6,Home,IKEA,6293.11,30,1887.93,4405.18,636,4.85,4.33,54
PROD000957,Prestige Cooker V5,Home,Prestige,36532.07,37,13516.87,23015.2,675,3.6,4.56,54
PROD000958,Philips Mixer V8,Home,Philips,30151.13,17,5125.69,25025.44,193,4.73,4.41,54
PROD000959,Godrej Almirah V5,Home,Godrej,16714.07,44,7354.19,9359.88,413,0.56,4.48,63
PROD000960,Urban Ladder Sofa V5,Home,Urban,30611.03,13,3979.43,26631.6,375,2.16,4.44,66
PROD000961,Lakme Lipstick V9,Beauty,Lakme,1146.23,12,137.55,1008.68,780,4.03,4.46,26
PROD000962,Mamaearth Facewash V8,Beauty,Mamaearth,4451.65,42,1869.69,2581.96,488,3.47,4.51,43
PROD000963,Nivea Cream V9,Beauty,Nivea,2509.52,50,1254.76,1254.76,948,4.17,4.28,25
PROD000964,Dove Soap V6,Beauty,Dove,1936.35,14,271.09,1665.26,751,4.98,4.54,26
PROD000965,Plum Serum V3,Beauty,Plum,968.73,30,290.62,678.11,642,3.5,4.42,26
PROD000966,Nike T-shirt V4,Sports,Nike,1388.06,49,680.15,707.91,486,1.73,4.51,55
PROD000967,Puma Shoes V7,Sports,Puma,13168.76,34,4477.38,8691.38,579,3.4,4.42,50
PROD000968,Decathlon Cycle V7,Sports,Decathlon,28265.56,9,2543.9,25721.66,327,2.77,4.5,42
PROD000969,Yoga Mat V5,Sports,Yoga,4262.41,24,1022.98,3239.43,988,2.59,4.45,40
PROD000970,Dumbbells V2,Sports,Dumbbells,25156.97,43,10817.5,14339.47,912,3.73,4.16,63
PROD000971,Fiction Novel V6,Books,Fiction,561.92,32,179.81,382.11,15,1.94,4.58,33
PROD000972,NCERT Book V3,Books,NCERT,1388.13,29,402.56,985.57,817,4.76,4.43,30
PROD000973,Comics V10,Books,Comics,187.6,5,9.38,178.22,435,0.98,4.28,29
PROD000974,Notebook V4,Books,Notebook,911.5,11,100.27,811.23,685,3.34,4.29,28
PROD000975,Stationery Set V2,Books,Stationery,1985.09,37,734.48,1250.61,21,3.7,4.61,33
PROD000976,Aashirvaad Atta V10,Grocery,Aashirvaad,640.49,28,179.34,461.15,859,1.65,4.55,42
PROD000977,Fortune Oil V3,Grocery,Fortune,2902.43,40,1160.97,1741.46,665,4.09,4.34,61
PROD000978,Lays Chips V2,Grocery,Lays,52.25,50,26.12,26.13,604,3.23,4.35,52
PROD000979,Nescafe Coffee V5,Grocery,Nescafe,2570.24,19,488.35,2081.89,694,2.52,4.39,54
PROD000980,Haldiram Snacks V7,Grocery,Haldiram,1879.79,28,526.34,1353.45,91,3.71,4.37,54
PROD000981,Samsung Mobile V7,Electronics,Samsung,127032.16,38,48272.22,78759.94,866,0.39,4.5,111
PROD000982,HP Laptop V1,Electronics,HP,40602.66,5,2030.13,38572.53,808,2.91,4.4,116
PROD000983,boAt Headphones V4,Electronics,boAt,23550.14,8,1884.01,21666.13,290,3.28,4.56,91
PROD000984,Noise Watch V2,Electronics,Noise,9026.74,41,3700.96,5325.78,714,0.32,4.31,97
PROD000985,Apple iPhone V6,Electronics,Apple,40384.24,41,16557.54,23826.7,272,4.25,4.36,108
PROD000986,Levis Jeans V4,Fashion,Levis,7254.12,34,2466.4,4787.72,987,4.26,4.41,93
PROD000987,Peter England Shirt V9,Fashion,Peter,12177.08,45,5479.69,6697.39,599,3.19,4.38,71
PROD000988,Nike Shoes V8,Fashion,Nike,10418.82,11,1146.07,9272.75,830,2.96,4.34,82
PROD000989,Titan Watch V7,Fashion,Titan,4772.53,29,1384.03,3388.5,573,2.83,4.35,74
PROD000990,Puma T-shirt V8,Fashion,Puma,12766.21,5,638.31,12127.9,343,0.63,4.35,79
PROD000991,IKEA Chair V4,Home,IKEA,6802.57,50,3401.28,3401.29,688,4.55,4.43,70
PROD000992,Prestige Cooker V3,Home,Prestige,29565.47,14,4139.17,25426.3,368,0.38,4.38,68
PROD000993,Philips Mixer V1,Home,Philips,41020.85,42,17228.76,23792.09,642,0.45,4.31,42
PROD000994,Godrej Almirah V10,Home,Godrej,37698.62,36,13571.5,24127.12,587,0.81,4.4,42
PROD000995,Urban Ladder Sofa V9,Home,Urban,7799.41,31,2417.82,5381.59,967,1.82,4.35,55
PROD000996,Lakme Lipstick V4,Beauty,Lakme,4901.36,9,441.12,4460.24,466,4.21,4.55,22
PROD000997,Mamaearth Facewash V8,Beauty,Mamaearth,4540.66,8,363.25,4177.41,632,3.65,4.39,31
PROD000998,Nivea Cream V4,Beauty,Nivea,1480.48,28,414.53,1065.95,355,2.82,4.42,26
PROD000999,Dove Soap V8,Beauty,Dove,1385.87,33,457.34,928.53,595,2.47,4.43,28
PROD001000,Plum Serum V9,Beauty,Plum,4619.92,17,785.39,3834.53,399,2.87,4.39,33
PROD001001,Nike T-shirt V4,Sports,Nike,21995.48,24,5278.92,16716.56,348,0.74,4.44,50
PROD001002,Puma Shoes V7,Sports,Puma,3276.6,43,1408.94,1867.66,925,3.67,4.47,45
PROD001003,Decathlon Cycle V10,Sports,Decathlon,2523.77,33,832.84,1690.93,825,1.37,4.31,45
PROD001004,Yoga Mat V4,Sports,Yoga,23661.57,27,6388.62,17272.95,395,0.69,4.4,58
PROD001005,Dumbbells V6,Sports,Dumbbells,9324.49,26,2424.37,6900.12,659,0.98,4.34,41
PROD001006,Fiction Novel V5,Books,Fiction,1208.94,14,169.25,1039.69,277,1.79,4.52,27
PROD001007,NCERT Book V2,Books,NCERT,1664.66,6,99.88,1564.78,313,0.68,4.42,26
PROD001008,Comics V5,Books,Comics,300.45,41,123.18,177.27,506,3.96,4.32,38
PROD001009,Notebook V4,Books,Notebook,1202.45,19,228.47,973.98,350,3.14,4.39,23
PROD001010,Stationery Set V2,Books,Stationery,723.85,6,43.43,680.42,593,3.15,4.56,48
PROD001011,Aashirvaad Atta V5,Grocery,Aashirvaad,1357.77,49,665.31,692.46,346,1.91,4.33,61
PROD001012,Fortune Oil V4,Grocery,Fortune,1742.42,13,226.51,1515.91,264,0.61,4.4,57
PROD001013,Lays Chips V4,Grocery,Lays,690.14,29,200.14,490,785,3.19,4.53,55
PROD001014,Nescafe Coffee V1,Grocery,Nescafe,1880.91,22,413.8,1467.11,178,1.7,4.39,56
PROD001015,Haldiram Snacks V8,Grocery,Haldiram,2277.03,11,250.47,2026.56,231,3.1,4.4,53
PROD001016,Samsung Mobile V10,Electronics,Samsung,81283.71,25,20320.93,60962.78,858,4.44,4.5,107
PROD001017,HP Laptop V7,Electronics,HP,3746.37,30,1123.91,2622.46,290,4.63,4.49,110
PROD001018,boAt Headphones V10,Electronics,boAt,43386.38,6,2603.18,40783.2,607,4.13,4.42,111
PROD001019,Noise Watch V5,Electronics,Noise,48043.08,45,21619.39,26423.69,673,3.72,4.33,105
PROD001020,Apple iPhone V3,Electronics,Apple,24369.77,36,8773.12,15596.65,1000,2.69,4.41,108
PROD001021,Levis Jeans V7,Fashion,Levis,3590.85,21,754.08,2836.77,433,4.06,4.32,85
PROD001022,Peter England Shirt V10,Fashion,Peter,10094.98,44,4441.79,5653.19,277,0.66,4.31,71
PROD001023,Nike Shoes V3,Fashion,Nike,8713.37,46,4008.15,4705.22,754,4.64,4.3,80
PROD001024,Titan Watch V6,Fashion,Titan,2672.67,6,160.36,2512.31,451,1.18,4.33,103
PROD001025,Puma T-shirt V3,Fashion,Puma,5961.32,50,2980.66,2980.66,523,0.37,4.41,81
PROD001026,IKEA Chair V3,Home,IKEA,39274.56,38,14924.33,24350.23,506,1.05,4.22,51
PROD001027,Prestige Cooker V3,Home,Prestige,29285.07,35,10249.77,19035.3,988,4.37,4.55,53
PROD001028,Philips Mixer V7,Home,Philips,11560.56,5,578.03,10982.53,556,4.72,4.56,61
PROD001029,Godrej Almirah V10,Home,Godrej,21383.09,37,7911.74,13471.35,863,4.33,4.26,50
PROD001030,Urban Ladder Sofa V4,Home,Urban,19249.5,45,8662.27,10587.23,947,2.13,4.52,66
PROD001031,Lakme Lipstick V6,Beauty,Lakme,1221.66,34,415.36,806.3,152,0.71,4.59,29
PROD001032,Mamaearth Facewash V4,Beauty,Mamaearth,4505.69,44,1982.5,2523.19,408,3.85,4.59,22
PROD001033,Nivea Cream V1,Beauty,Nivea,4594.81,15,689.22,3905.59,264,2.34,4.38,26
PROD001034,Dove Soap V2,Beauty,Dove,3122.73,42,1311.55,1811.18,849,4.97,4.5,24
PROD001035,Plum Serum V3,Beauty,Plum,815.6,6,48.94,766.66,672,2.41,4.42,38
PROD001036,Nike T-shirt V8,Sports,Nike,1087.44,44,478.47,608.97,276,2.73,4.39,44
PROD001037,Puma Shoes V6,Sports,Puma,17716.52,28,4960.63,12755.89,305,1.7,4.35,51
PROD001038,Decathlon Cycle V3,Sports,Decathlon,6190.68,16,990.51,5200.17,926,3.43,4.24,50
PROD001039,Yoga Mat V6,Sports,Yoga,34009.84,41,13944.03,20065.81,469,1.33,4.4,53
PROD001040,Dumbbells V9,Sports,Dumbbells,4938.56,7,345.7,4592.86,653,2.37,4.31,42
PROD001041,Fiction Novel V8,Books,Fiction,1322.24,7,92.56,1229.68,222,1.56,4.34,35
PROD001042,NCERT Book V6,Books,NCERT,252.01,30,75.6,176.41,353,3.31,4.55,29
PROD001043,Comics V4,Books,Comics,1156.83,22,254.5,902.33,851,2.96,4.39,38
PROD001044,Notebook V9,Books,Notebook,1933.81,5,96.69,1837.12,118,3.66,4.4,35
PROD001045,Stationery Set V3,Books,Stationery,1301.18,22,286.26,1014.92,494,3.05,4.38,37
PROD001046,Aashirvaad Atta V8,Grocery,Aashirvaad,1479.59,41,606.63,872.96,617,3.33,4.38,69
PROD001047,Fortune Oil V5,Grocery,Fortune,1381.99,39,538.98,843.01,537,0.76,4.42,48
PROD001048,Lays Chips V5,Grocery,Lays,284.94,15,42.74,242.2,286,3.62,4.39,57
PROD001049,Nescafe Coffee V4,Grocery,Nescafe,255.33,11,28.09,227.24,1000,3.74,4.41,54
PROD001050,Haldiram Snacks V2,Grocery,Haldiram,1753.17,48,841.52,911.65,374,1,4.56,52
PROD001051,Samsung Mobile V1,Electronics,Samsung,56226.5,25,14056.62,42169.88,517,3.72,4.48,108
PROD001052,HP Laptop V3,Electronics,HP,20162.95,21,4234.22,15928.73,735,3.33,4.43,100
PROD001053,boAt Headphones V8,Electronics,boAt,15381.24,36,5537.25,9843.99,99,2.3,4.37,126
PROD001054,Noise Watch V2,Electronics,Noise,11507.06,15,1726.06,9781,718,1.35,4.42,109
PROD001055,Apple iPhone V7,Electronics,Apple,30722.51,41,12596.23,18126.28,716,3.68,4.27,118
PROD001056,Levis Jeans V10,Fashion,Levis,3834.17,32,1226.93,2607.24,992,4.17,4.34,92
PROD001057,Peter England Shirt V1,Fashion,Peter,8445.82,36,3040.5,5405.32,644,3.93,4.37,92
PROD001058,Nike Shoes V9,Fashion,Nike,9052.78,40,3621.11,5431.67,150,3.23,4.33,99
PROD001059,Titan Watch V8,Fashion,Titan,2250.95,44,990.42,1260.53,929,3.74,4.38,69
PROD001060,Puma T-shirt V1,Fashion,Puma,3123.45,20,624.69,2498.76,154,3.63,4.26,92
PROD001061,IKEA Chair V4,Home,IKEA,208.69,46,96,112.69,981,3.45,4.46,50
PROD001062,Prestige Cooker V1,Home,Prestige,5959.12,18,1072.64,4886.48,483,2.27,4.36,59
PROD001063,Philips Mixer V5,Home,Philips,13046.02,47,6131.63,6914.39,514,0.41,4.4,62
PROD001064,Godrej Almirah V5,Home,Godrej,3197.05,14,447.59,2749.46,156,3.31,4.33,64
PROD001065,Urban Ladder Sofa V4,Home,Urban,1765.29,34,600.2,1165.09,859,0.59,4.52,63
PROD001066,Lakme Lipstick V5,Beauty,Lakme,3524.82,31,1092.69,2432.13,481,3.86,4.37,27
PROD001067,Mamaearth Facewash V5,Beauty,Mamaearth,1571.9,41,644.48,927.42,643,0.38,4.26,27
PROD001068,Nivea Cream V5,Beauty,Nivea,462.53,47,217.39,245.14,286,3.36,4.5,32
PROD001069,Dove Soap V8,Beauty,Dove,1929.71,23,443.83,1485.88,480,3.43,4.14,29
PROD001070,Plum Serum V3,Beauty,Plum,1562.62,6,93.76,1468.86,367,2.76,4.39,31
PROD001071,Nike T-shirt V5,Sports,Nike,13916.58,42,5844.96,8071.62,923,3.26,4.52,42
PROD001072,Puma Shoes V4,Sports,Puma,12110.46,19,2300.99,9809.47,128,1.14,4.57,51
PROD001073,Decathlon Cycle V8,Sports,Decathlon,16717.35,19,3176.3,13541.05,790,3.96,4.41,59
PROD001074,Yoga Mat V8,Sports,Yoga,9568.53,8,765.48,8803.05,122,4.92,4.57,54
PROD001075,Dumbbells V6,Sports,Dumbbells,29194.09,23,6714.64,22479.45,45,1.56,4.33,49
PROD001076,Fiction Novel V6,Books,Fiction,114.7,49,56.2,58.5,238,0.51,4.28,32
PROD001077,NCERT Book V3,Books,NCERT,1084.39,38,412.07,672.32,23,2.93,4.36,28
PROD001078,Comics V10,Books,Comics,162.83,43,70.02,92.81,930,3.02,4.43,35
PROD001079,Notebook V3,Books,Notebook,836.64,25,209.16,627.48,761,0.54,4.3,40
PROD001080,Stationery Set V6,Books,Stationery,105.46,6,6.33,99.13,184,3.36,4.53,38
PROD001081,Aashirvaad Atta V10,Grocery,Aashirvaad,971.54,26,252.6,718.94,729,4.96,4.35,57
PROD001082,Fortune Oil V5,Grocery,Fortune,569.03,39,221.92,347.11,68,3.29,4.47,62
PROD001083,Lays Chips V4,Grocery,Lays,410.9,29,119.16,291.74,733,1.06,4.42,64
PROD001084,Nescafe Coffee V4,Grocery,Nescafe,2364.32,33,780.23,1584.09,60,4.58,4.42,52
PROD001085,Haldiram Snacks V3,Grocery,Haldiram,195.91,8,15.67,180.24,749,4.91,4.5,42
PROD001086,Samsung Mobile V7,Electronics,Samsung,35956.35,18,6472.14,29484.21,505,0.68,4.44,114
PROD001087,HP Laptop V2,Electronics,HP,29356.48,26,7632.68,21723.8,493,4.82,4.45,108
PROD001088,boAt Headphones V3,Electronics,boAt,79455.26,8,6356.42,73098.84,60,4.23,4.35,116
PROD001089,Noise Watch V9,Electronics,Noise,87262.81,14,12216.79,75046.02,449,1.73,4.43,99
PROD001090,Apple iPhone V10,Electronics,Apple,108583.53,42,45605.08,62978.45,55,1.51,4.35,128
PROD001091,Levis Jeans V10,Fashion,Levis,3266.42,37,1208.58,2057.84,275,3.79,4.45,88
PROD001092,Peter England Shirt V6,Fashion,Peter,3329.66,18,599.34,2730.32,345,2.02,4.38,86
PROD001093,Nike Shoes V4,Fashion,Nike,6151.04,17,1045.68,5105.36,527,2.04,4.41,99
PROD001094,Titan Watch V10,Fashion,Titan,851.95,6,51.12,800.83,306,0.69,4.39,76
PROD001095,Puma T-shirt V2,Fashion,Puma,6938.84,50,3469.42,3469.42,826,1.94,4.43,70
PROD001096,IKEA Chair V8,Home,IKEA,32257.03,37,11935.1,20321.93,884,3.38,4.46,68
PROD001097,Prestige Cooker V8,Home,Prestige,9253.82,16,1480.61,7773.21,368,4.27,4.18,55
PROD001098,Philips Mixer V9,Home,Philips,41302.13,26,10738.55,30563.58,621,1.05,4.41,56
PROD001099,Godrej Almirah V7,Home,Godrej,19689.89,50,9844.94,9844.95,959,0.83,4.46,59
PROD001100,Urban Ladder Sofa V9,Home,Urban,26338.92,32,8428.45,17910.47,669,3.09,4.23,60
PROD001101,Lakme Lipstick V6,Beauty,Lakme,1251.73,11,137.69,1114.04,145,4.78,4.52,29
PROD001102,Mamaearth Facewash V7,Beauty,Mamaearth,1235.17,43,531.12,704.05,941,0.72,4.33,33
PROD001103,Nivea Cream V10,Beauty,Nivea,1186.22,47,557.52,628.7,727,0.52,4.36,25
PROD001104,Dove Soap V7,Beauty,Dove,3873.98,24,929.76,2944.22,230,1.71,4.28,18
PROD001105,Plum Serum V6,Beauty,Plum,4356.13,17,740.54,3615.59,167,4.25,4.19,26
PROD001106,Nike T-shirt V10,Sports,Nike,12201.94,28,3416.54,8785.4,276,3.79,4.49,51
PROD001107,Puma Shoes V9,Sports,Puma,1493.34,47,701.87,791.47,670,2.28,4.49,43
PROD001108,Decathlon Cycle V3,Sports,Decathlon,22724.09,23,5226.54,17497.55,593,2.47,4.34,58
PROD001109,Yoga Mat V1,Sports,Yoga,22013.35,28,6163.74,15849.61,696,4.25,4.5,40
PROD001110,Dumbbells V9,Sports,Dumbbells,33071.26,18,5952.83,27118.43,342,4.76,4.54,50
PROD001111,Fiction Novel V7,Books,Fiction,1173.51,40,469.4,704.11,36,4.87,4.24,37
PROD001112,NCERT Book V4,Books,NCERT,1766.6,29,512.31,1254.29,181,1.65,4.44,34
PROD001113,Comics V4,Books,Comics,1816.81,6,109.01,1707.8,71,4.91,4.3,37
PROD001114,Notebook V5,Books,Notebook,1772.16,22,389.88,1382.28,784,1.62,4.22,41
PROD001115,Stationery Set V3,Books,Stationery,1366.01,15,204.9,1161.11,285,4.87,4.14,42
PROD001116,Aashirvaad Atta V10,Grocery,Aashirvaad,2018,18,363.24,1654.76,672,1.63,4.35,48
PROD001117,Fortune Oil V10,Grocery,Fortune,395.94,38,150.46,245.48,128,1.17,4.37,54
PROD001118,Lays Chips V8,Grocery,Lays,2675.7,40,1070.28,1605.42,887,1.6,4.5,60
PROD001119,Nescafe Coffee V3,Grocery,Nescafe,1608.16,43,691.51,916.65,235,3.58,4.39,62
PROD001120,Haldiram Snacks V7,Grocery,Haldiram,1515.61,28,424.37,1091.24,64,1.21,4.22,50
PROD001121,Samsung Mobile V8,Electronics,Samsung,40063.33,16,6410.13,33653.2,346,3.91,4.49,117
PROD001122,HP Laptop V5,Electronics,HP,78630.51,36,28306.98,50323.53,944,4.22,4.39,118
PROD001123,boAt Headphones V2,Electronics,boAt,149658.64,44,65849.8,83808.84,887,1.02,4.41,128
PROD001124,Noise Watch V8,Electronics,Noise,118306.03,5,5915.3,112390.73,380,4.04,4.42,91
PROD001125,Apple iPhone V9,Electronics,Apple,56997.34,47,26788.75,30208.59,462,2.11,4.53,93
PROD001126,Levis Jeans V8,Fashion,Levis,3930.04,8,314.4,3615.64,517,3.09,4.35,85
PROD001127,Peter England Shirt V9,Fashion,Peter,13948.56,39,5439.94,8508.62,392,0.79,4.34,79
PROD001128,Nike Shoes V1,Fashion,Nike,12268.29,12,1472.19,10796.1,230,0.54,4.47,83
PROD001129,Titan Watch V5,Fashion,Titan,2705.75,45,1217.59,1488.16,543,3.89,4.34,90
PROD001130,Puma T-shirt V3,Fashion,Puma,9313.63,46,4284.27,5029.36,149,4.52,4.44,94
PROD001131,IKEA Chair V10,Home,IKEA,37208.41,5,1860.42,35347.99,285,3.06,4.42,67
PROD001132,Prestige Cooker V1,Home,Prestige,38926.56,28,10899.44,28027.12,685,2.78,4.39,61
PROD001133,Philips Mixer V9,Home,Philips,13107.14,45,5898.21,7208.93,554,3.75,4.38,58
PROD001134,Godrej Almirah V5,Home,Godrej,23945.55,38,9099.31,14846.24,536,1.51,4.45,55
PROD001135,Urban Ladder Sofa V2,Home,Urban,32227.17,50,16113.58,16113.59,89,0.3,4.29,62
PROD001136,Lakme Lipstick V9,Beauty,Lakme,218.86,23,50.34,168.52,295,4.79,4.67,18
PROD001137,Mamaearth Facewash V5,Beauty,Mamaearth,3628.99,7,254.03,3374.96,571,1.6,4.46,35
PROD001138,Nivea Cream V4,Beauty,Nivea,4576.61,48,2196.77,2379.84,537,2.75,4.59,29
PROD001139,Dove Soap V9,Beauty,Dove,4288.14,35,1500.85,2787.29,544,4.17,4.21,19
PROD001140,Plum Serum V5,Beauty,Plum,4426.44,25,1106.61,3319.83,471,3.73,4.32,34
PROD001141,Nike T-shirt V4,Sports,Nike,32216.5,39,12564.43,19652.07,368,2.99,4.42,57
PROD001142,Puma Shoes V9,Sports,Puma,26128.58,42,10974,15154.58,187,4.17,4.47,51
PROD001143,Decathlon Cycle V4,Sports,Decathlon,31834.98,34,10823.89,21011.09,959,3.39,4.42,55
PROD001144,Yoga Mat V10,Sports,Yoga,18327.38,45,8247.32,10080.06,210,2.55,4.27,48
PROD001145,Dumbbells V10,Sports,Dumbbells,13599.71,42,5711.88,7887.83,337,1.44,4.39,44
PROD001146,Fiction Novel V6,Books,Fiction,510.42,40,204.17,306.25,160,1.01,4.41,22
PROD001147,NCERT Book V1,Books,NCERT,1596.43,45,718.39,878.04,254,2.05,4.24,41
PROD001148,Comics V9,Books,Comics,1370.45,11,150.75,1219.7,575,0.37,4.41,32
PROD001149,Notebook V5,Books,Notebook,1668.97,6,100.14,1568.83,555,2.21,4.42,43
PROD001150,Stationery Set V7,Books,Stationery,1634.17,22,359.52,1274.65,86,0.21,4.44,39
PROD001151,Aashirvaad Atta V5,Grocery,Aashirvaad,2508.86,39,978.46,1530.4,72,4.01,4.38,47
PROD001152,Fortune Oil V4,Grocery,Fortune,1167.31,13,151.75,1015.56,905,0.38,4.38,39
PROD001153,Lays Chips V8,Grocery,Lays,571.48,28,160.01,411.47,186,0.48,4.47,53
PROD001154,Nescafe Coffee V6,Grocery,Nescafe,199.95,17,33.99,165.96,902,3.15,4.39,51
PROD001155,Haldiram Snacks V8,Grocery,Haldiram,1646.26,23,378.64,1267.62,161,3,4.4,68
PROD001156,Samsung Mobile V4,Electronics,Samsung,20283.45,20,4056.69,16226.76,706,1,4.34,111
PROD001157,HP Laptop V5,Electronics,HP,87805.34,14,12292.75,75512.59,276,3.77,4.56,100
PROD001158,boAt Headphones V5,Electronics,boAt,127171.69,6,7630.3,119541.39,562,0.56,4.34,113
PROD001159,Noise Watch V5,Electronics,Noise,88874.29,43,38215.94,50658.35,637,3.14,4.3,133
PROD001160,Apple iPhone V1,Electronics,Apple,57315.23,29,16621.42,40693.81,410,1.32,4.43,98
PROD001161,Levis Jeans V1,Fashion,Levis,4460.26,26,1159.67,3300.59,406,3.55,4.49,84
PROD001162,Peter England Shirt V7,Fashion,Peter,11841.68,25,2960.42,8881.26,68,4.46,4.38,82
PROD001163,Nike Shoes V8,Fashion,Nike,7664.13,15,1149.62,6514.51,652,1.99,4.43,83
PROD001164,Titan Watch V9,Fashion,Titan,4816.76,46,2215.71,2601.05,918,0.72,4.56,81
PROD001165,Puma T-shirt V6,Fashion,Puma,7189.73,50,3594.86,3594.87,568,0.7,4.31,80
PROD001166,IKEA Chair V5,Home,IKEA,40777.6,32,13048.83,27728.77,877,2.51,4.43,51
PROD001167,Prestige Cooker V6,Home,Prestige,31206.8,39,12170.65,19036.15,538,4.75,4.29,63
PROD001168,Philips Mixer V6,Home,Philips,27357.95,44,12037.5,15320.45,171,3.12,4.25,59
PROD001169,Godrej Almirah V3,Home,Godrej,29234.67,10,2923.47,26311.2,860,4.48,4.45,56
PROD001170,Urban Ladder Sofa V2,Home,Urban,39189.93,40,15675.97,23513.96,168,4.6,4.29,52
PROD001171,Lakme Lipstick V6,Beauty,Lakme,3811.27,13,495.47,3315.8,896,4.94,4.21,24
PROD001172,Mamaearth Facewash V1,Beauty,Mamaearth,3002.17,36,1080.78,1921.39,178,3.72,4.41,34
PROD001173,Nivea Cream V10,Beauty,Nivea,1645.02,16,263.2,1381.82,551,0.26,4.35,31
PROD001174,Dove Soap V9,Beauty,Dove,676.01,22,148.72,527.29,561,1.44,4.38,16
PROD001175,Plum Serum V6,Beauty,Plum,2699.23,44,1187.66,1511.57,678,3.48,4.48,25
PROD001176,Nike T-shirt V7,Sports,Nike,24640.91,31,7638.68,17002.23,155,0.28,4.44,52
PROD001177,Puma Shoes V5,Sports,Puma,13955.65,50,6977.82,6977.83,895,4.42,4.45,42
PROD001178,Decathlon Cycle V2,Sports,Decathlon,3265.23,26,848.96,2416.27,796,3.13,4.31,48
PROD001179,Yoga Mat V3,Sports,Yoga,28522.85,18,5134.11,23388.74,480,4.54,4.33,43
PROD001180,Dumbbells V2,Sports,Dumbbells,8475.3,6,508.52,7966.78,234,3.41,4.32,47
PROD001181,Fiction Novel V7,Books,Fiction,542.2,30,162.66,379.54,981,4.17,4.34,35
PROD001182,NCERT Book V4,Books,NCERT,1326.58,28,371.44,955.14,662,4.62,4.39,23
PROD001183,Comics V3,Books,Comics,1025.9,18,184.66,841.24,10,2.1,4.21,29
PROD001184,Notebook V7,Books,Notebook,261.04,20,52.21,208.83,798,4.62,4.44,36
PROD001185,Stationery Set V9,Books,Stationery,106.28,37,39.32,66.96,115,1.82,4.42,31
PROD001186,Aashirvaad Atta V9,Grocery,Aashirvaad,2151.24,29,623.86,1527.38,284,4.43,4.24,63
PROD001187,Fortune Oil V5,Grocery,Fortune,2873.07,32,919.38,1953.69,728,4.95,4.45,47
PROD001188,Lays Chips V6,Grocery,Lays,2475.1,31,767.28,1707.82,455,3.26,4.42,52
PROD001189,Nescafe Coffee V3,Grocery,Nescafe,1434.16,7,100.39,1333.77,576,3.39,4.33,60
PROD001190,Haldiram Snacks V5,Grocery,Haldiram,202.58,40,81.03,121.55,996,3.08,4.29,48
PROD001191,Samsung Mobile V1,Electronics,Samsung,130109.37,49,63753.59,66355.78,203,3.51,4.49,105
PROD001192,HP Laptop V5,Electronics,HP,63453.99,17,10787.18,52666.81,461,3.02,4.44,93
PROD001193,boAt Headphones V8,Electronics,boAt,134162.52,28,37565.51,96597.01,607,4.85,4.44,107
PROD001194,Noise Watch V10,Electronics,Noise,73262.07,26,19048.14,54213.93,173,3.45,4.35,103
PROD001195,Apple iPhone V10,Electronics,Apple,29499.33,33,9734.78,19764.55,697,0.34,4.34,93
PROD001196,Levis Jeans V7,Fashion,Levis,9865.27,38,3748.8,6116.47,369,1.84,4.45,94
PROD001197,Peter England Shirt V10,Fashion,Peter,5570.59,15,835.59,4735,987,4.36,4.42,88
PROD001198,Nike Shoes V6,Fashion,Nike,1469.45,9,132.25,1337.2,605,0.35,4.37,76
PROD001199,Titan Watch V7,Fashion,Titan,14720.94,7,1030.47,13690.47,783,1.93,4.34,83
PROD001200,Puma T-shirt V8,Fashion,Puma,7938.05,6,476.28,7461.77,282,4.02,4.36,98
PROD001201,IKEA Chair V3,Home,IKEA,2211.32,43,950.87,1260.45,591,1.51,4.38,50
PROD001202,Prestige Cooker V3,Home,Prestige,36277.53,22,7981.06,28296.47,499,4.22,4.48,65
PROD001203,Philips Mixer V4,Home,Philips,12416.07,31,3848.98,8567.09,871,4.14,4.52,60
PROD001204,Godrej Almirah V10,Home,Godrej,42321.35,10,4232.14,38089.21,454,4.26,4.34,53
PROD001205,Urban Ladder Sofa V1,Home,Urban,25199.06,17,4283.84,20915.22,904,0.61,4.38,52
PROD001206,Lakme Lipstick V10,Beauty,Lakme,4579.37,6,274.76,4304.61,919,3.86,4.32,28
PROD001207,Mamaearth Facewash V1,Beauty,Mamaearth,800.91,25,200.23,600.68,584,4.15,4.54,37
PROD001208,Nivea Cream V7,Beauty,Nivea,4781.95,28,1338.95,3443,497,3.06,4.61,28
PROD001209,Dove Soap V3,Beauty,Dove,693.43,16,110.95,582.48,734,3.55,4.36,33
PROD001210,Plum Serum V4,Beauty,Plum,4481.86,27,1210.1,3271.76,214,2.04,4.52,31
PROD001211,Nike T-shirt V8,Sports,Nike,31366,30,9409.8,21956.2,902,3.51,4.36,47
PROD001212,Puma Shoes V4,Sports,Puma,27258.43,27,7359.78,19898.65,33,2.62,4.35,52
PROD001213,Decathlon Cycle V9,Sports,Decathlon,27961.85,34,9507.03,18454.82,635,2.08,4.24,45
PROD001214,Yoga Mat V10,Sports,Yoga,14769.41,31,4578.52,10190.89,48,1.94,4.55,47
PROD001215,Dumbbells V1,Sports,Dumbbells,28254.78,11,3108.03,25146.75,623,3.35,4.37,41
PROD001216,Fiction Novel V2,Books,Fiction,229.18,45,103.13,126.05,203,4.77,4.08,37
PROD001217,NCERT Book V6,Books,NCERT,1845.57,33,609.04,1236.53,823,2.39,4.42,31
PROD001218,Comics V5,Books,Comics,1946.19,38,739.55,1206.64,669,2.29,4.39,36
PROD001219,Notebook V5,Books,Notebook,667.67,10,66.77,600.9,950,0.21,4.3,37
PROD001220,Stationery Set V8,Books,Stationery,666.66,15,100,566.66,450,0.7,4.47,30
PROD001221,Aashirvaad Atta V10,Grocery,Aashirvaad,1284.6,39,500.99,783.61,936,2.62,4.42,43
PROD001222,Fortune Oil V6,Grocery,Fortune,627.98,24,150.72,477.26,222,3.73,4.39,49
PROD001223,Lays Chips V6,Grocery,Lays,668.43,38,254,414.43,302,4.52,4.36,64
PROD001224,Nescafe Coffee V6,Grocery,Nescafe,1926,36,693.36,1232.64,136,1.99,4.45,55
PROD001225,Haldiram Snacks V10,Grocery,Haldiram,1872.89,11,206.02,1666.87,800,3.37,4.26,61
PROD001226,Samsung Mobile V3,Electronics,Samsung,34468,21,7238.28,27229.72,472,0.24,4.36,110
PROD001227,HP Laptop V9,Electronics,HP,7101.27,16,1136.2,5965.07,526,1.33,4.31,99
PROD001228,boAt Headphones V6,Electronics,boAt,24095.4,33,7951.48,16143.92,60,3.88,4.41,109
PROD001229,Noise Watch V10,Electronics,Noise,39336.2,42,16521.2,22815,857,4.09,4.36,113
PROD001230,Apple iPhone V9,Electronics,Apple,50270.08,49,24632.34,25637.74,997,3.1,4.39,87
PROD001231,Levis Jeans V10,Fashion,Levis,2986.36,17,507.68,2478.68,480,2.57,4.35,71
PROD001232,Peter England Shirt V6,Fashion,Peter,9188.26,29,2664.6,6523.66,186,0.29,4.39,85
PROD001233,Nike Shoes V6,Fashion,Nike,14969.75,21,3143.65,11826.1,483,1.22,4.38,90
PROD001234,Titan Watch V3,Fashion,Titan,4483.59,38,1703.76,2779.83,575,0.69,4.35,71
PROD001235,Puma T-shirt V2,Fashion,Puma,1216.24,43,522.98,693.26,756,0.45,4.45,77
PROD001236,IKEA Chair V3,Home,IKEA,23642.68,50,11821.34,11821.34,858,1.1,4.32,41
PROD001237,Prestige Cooker V8,Home,Prestige,11726.01,23,2696.98,9029.03,818,0.86,4.4,62
PROD001238,Philips Mixer V7,Home,Philips,31552.11,34,10727.72,20824.39,31,0.57,4.33,57
PROD001239,Godrej Almirah V3,Home,Godrej,33108.73,20,6621.75,26486.98,720,2.44,4.42,62
PROD001240,Urban Ladder Sofa V6,Home,Urban,46900.16,46,21574.07,25326.09,557,1.05,4.29,51
PROD001241,Lakme Lipstick V10,Beauty,Lakme,1849.22,27,499.29,1349.93,16,0.63,4.14,29
PROD001242,Mamaearth Facewash V9,Beauty,Mamaearth,2798.69,14,391.82,2406.87,652,1.29,4.44,18
PROD001243,Nivea Cream V6,Beauty,Nivea,4899.6,42,2057.83,2841.77,911,3.51,4.48,31
PROD001244,Dove Soap V2,Beauty,Dove,4399.7,32,1407.9,2991.8,457,2.8,4.38,21
PROD001245,Plum Serum V1,Beauty,Plum,4193.73,45,1887.18,2306.55,151,4.62,4.6,30
PROD001246,Nike T-shirt V9,Sports,Nike,31496.99,14,4409.58,27087.41,712,2.35,4.49,43
PROD001247,Puma Shoes V4,Sports,Puma,4989,17,848.13,4140.87,639,2.79,4.53,51
PROD001248,Decathlon Cycle V2,Sports,Decathlon,19077.42,11,2098.52,16978.9,850,1.39,4.3,53
PROD001249,Yoga Mat V6,Sports,Yoga,28366.88,15,4255.03,24111.85,20,2.55,4.33,54
PROD001250,Dumbbells V2,Sports,Dumbbells,15485.79,25,3871.45,11614.34,637,2.29,4.21,48
PROD001251,Fiction Novel V3,Books,Fiction,1368.61,43,588.5,780.11,377,3.2,4.28,36
PROD001252,NCERT Book V1,Books,NCERT,754.12,42,316.73,437.39,857,4.75,4.46,35
PROD001253,Comics V1,Books,Comics,505.94,38,192.26,313.68,362,2.67,4.54,35
PROD001254,Notebook V1,Books,Notebook,1344.43,41,551.22,793.21,913,3.89,4.47,30
PROD001255,Stationery Set V9,Books,Stationery,987.75,49,484,503.75,106,3.22,4.41,27
PROD001256,Aashirvaad Atta V7,Grocery,Aashirvaad,2076.89,47,976.14,1100.75,675,3.07,4.42,59
PROD001257,Fortune Oil V1,Grocery,Fortune,183.46,42,77.05,106.41,334,0.45,4.32,69
PROD001258,Lays Chips V2,Grocery,Lays,2558.9,29,742.08,1816.82,511,1.76,4.53,60
PROD001259,Nescafe Coffee V9,Grocery,Nescafe,2075.39,32,664.12,1411.27,101,1.26,4.35,62
PROD001260,Haldiram Snacks V10,Grocery,Haldiram,1915.21,20,383.04,1532.17,898,3.24,4.52,46
PROD001261,Samsung Mobile V6,Electronics,Samsung,73936.07,42,31053.15,42882.92,745,2.31,4.39,112
PROD001262,HP Laptop V4,Electronics,HP,79740.74,25,19935.19,59805.55,238,4.67,4.25,106
PROD001263,boAt Headphones V4,Electronics,boAt,102920.03,17,17496.41,85423.62,827,0.77,4.36,111
PROD001264,Noise Watch V1,Electronics,Noise,137812.67,26,35831.29,101981.38,737,3.64,4.44,112
PROD001265,Apple iPhone V8,Electronics,Apple,19489.66,27,5262.21,14227.45,219,1.35,4.37,109
PROD001266,Levis Jeans V10,Fashion,Levis,3570.71,32,1142.63,2428.08,917,2.46,4.42,85
PROD001267,Peter England Shirt V4,Fashion,Peter,9370.37,30,2811.11,6559.26,209,2.22,4.45,95
PROD001268,Nike Shoes V8,Fashion,Nike,8640.79,21,1814.57,6826.22,241,2.49,4.43,84
PROD001269,Titan Watch V10,Fashion,Titan,12358.47,13,1606.6,10751.87,328,4.64,4.37,83
PROD001270,Puma T-shirt V3,Fashion,Puma,2297.42,35,804.1,1493.32,633,2.6,4.49,88
PROD001271,IKEA Chair V2,Home,IKEA,26024.97,9,2342.25,23682.72,656,4.71,4.42,60
PROD001272,Prestige Cooker V4,Home,Prestige,46531.93,50,23265.97,23265.96,954,2.8,4.45,67
PROD001273,Philips Mixer V9,Home,Philips,8839.72,22,1944.74,6894.98,915,2,4.23,62
PROD001274,Godrej Almirah V8,Home,Godrej,23096.87,11,2540.66,20556.21,780,0.78,4.45,60
PROD001275,Urban Ladder Sofa V4,Home,Urban,25996.08,15,3899.41,22096.67,629,2.61,4.33,49
PROD001276,Lakme Lipstick V1,Beauty,Lakme,2547.39,42,1069.9,1477.49,506,2.86,4.48,25
PROD001277,Mamaearth Facewash V7,Beauty,Mamaearth,1933.04,15,289.96,1643.08,704,4.73,4.58,31
PROD001278,Nivea Cream V4,Beauty,Nivea,2428.32,39,947.04,1481.28,151,2.65,4.39,36
PROD001279,Dove Soap V1,Beauty,Dove,4785.69,23,1100.71,3684.98,703,0.77,4.34,35
PROD001280,Plum Serum V8,Beauty,Plum,1049.43,29,304.33,745.1,823,2.92,4.48,33
PROD001281,Nike T-shirt V2,Sports,Nike,31830.31,45,14323.64,17506.67,873,3.52,4.41,46
PROD001282,Puma Shoes V7,Sports,Puma,25882.22,34,8799.95,17082.27,492,3.54,4.42,50
PROD001283,Decathlon Cycle V10,Sports,Decathlon,31781.18,11,3495.93,28285.25,875,2.87,4.37,54
PROD001284,Yoga Mat V3,Sports,Yoga,11242.15,18,2023.59,9218.56,833,3.21,4.49,47
PROD001285,Dumbbells V2,Sports,Dumbbells,23377.83,16,3740.45,19637.38,320,2.87,4.61,62
PROD001286,Fiction Novel V3,Books,Fiction,1350.2,42,567.08,783.12,904,1.97,4.4,30
PROD001287,NCERT Book V3,Books,NCERT,1264.49,23,290.83,973.66,939,1.09,4.23,31
PROD001288,Comics V7,Books,Comics,1684.69,22,370.63,1314.06,739,4.09,4.26,35
PROD001289,Notebook V9,Books,Notebook,1982.5,29,574.92,1407.58,872,3.8,4.22,32
PROD001290,Stationery Set V9,Books,Stationery,297.62,12,35.71,261.91,126,2.36,4.33,33
PROD001291,Aashirvaad Atta V3,Grocery,Aashirvaad,1844.09,9,165.97,1678.12,589,3.58,4.58,45
PROD001292,Fortune Oil V1,Grocery,Fortune,1767.73,12,212.13,1555.6,352,1.54,4.45,56
PROD001293,Lays Chips V2,Grocery,Lays,1437.25,40,574.9,862.35,179,3.82,4.34,53
PROD001294,Nescafe Coffee V10,Grocery,Nescafe,425.93,46,195.93,230,980,0.75,4.37,60
PROD001295,Haldiram Snacks V1,Grocery,Haldiram,2545.3,28,712.68,1832.62,218,1.77,4.38,65
PROD001296,Samsung Mobile V6,Electronics,Samsung,91580.98,31,28390.1,63190.88,661,1.53,4.3,94
PROD001297,HP Laptop V4,Electronics,HP,75702.02,14,10598.28,65103.74,510,1.09,4.41,116
PROD001298,boAt Headphones V8,Electronics,boAt,124138.55,11,13655.24,110483.31,979,3.74,4.36,116
PROD001299,Noise Watch V9,Electronics,Noise,57540.08,16,9206.41,48333.67,94,4.46,4.41,112
PROD001300,Apple iPhone V4,Electronics,Apple,17679.31,9,1591.14,16088.17,566,3.12,4.36,117
PROD001301,Levis Jeans V4,Fashion,Levis,4131.92,10,413.19,3718.73,149,1.71,4.46,79
PROD001302,Peter England Shirt V5,Fashion,Peter,8616.56,47,4049.78,4566.78,231,3.88,4.51,82
PROD001303,Nike Shoes V5,Fashion,Nike,7365.55,41,3019.88,4345.67,207,1.29,4.4,99
PROD001304,Titan Watch V3,Fashion,Titan,9613.6,17,1634.31,7979.29,941,1.29,4.38,96
PROD001305,Puma T-shirt V4,Fashion,Puma,4928.56,31,1527.85,3400.71,857,4.75,4.51,72
PROD001306,IKEA Chair V9,Home,IKEA,8704.47,49,4265.19,4439.28,71,4.55,4.42,40
PROD001307,Prestige Cooker V9,Home,Prestige,42757.39,45,19240.83,23516.56,288,4.65,4.4,55
PROD001308,Philips Mixer V2,Home,Philips,35390.52,5,1769.53,33620.99,741,4.71,4.51,49
PROD001309,Godrej Almirah V9,Home,Godrej,36956.14,50,18478.07,18478.07,149,3.46,4.28,54
PROD001310,Urban Ladder Sofa V5,Home,Urban,31949.88,35,11182.46,20767.42,415,0.8,4.42,45
PROD001311,Lakme Lipstick V7,Beauty,Lakme,750.66,20,150.13,600.53,51,3.35,4.54,35
PROD001312,Mamaearth Facewash V4,Beauty,Mamaearth,4833.14,5,241.66,4591.48,606,3.79,4.38,26
PROD001313,Nivea Cream V2,Beauty,Nivea,4906.12,46,2256.82,2649.3,205,2.94,4.16,38
PROD001314,Dove Soap V3,Beauty,Dove,3015.01,43,1296.45,1718.56,192,1.43,4.43,21
PROD001315,Plum Serum V7,Beauty,Plum,4780.89,27,1290.84,3490.05,163,3.26,4.3,23
PROD001316,Nike T-shirt V3,Sports,Nike,1371.44,8,109.72,1261.72,85,3.48,4.38,52
PROD001317,Puma Shoes V3,Sports,Puma,11807.58,30,3542.27,8265.31,174,3.09,4.46,54
PROD001318,Decathlon Cycle V2,Sports,Decathlon,12443.2,47,5848.3,6594.9,712,0.91,4.41,49
PROD001319,Yoga Mat V10,Sports,Yoga,23198.61,47,10903.35,12295.26,566,0.72,4.47,53
PROD001320,Dumbbells V4,Sports,Dumbbells,27728.69,21,5823.02,21905.67,468,0.45,4.42,55
PROD001321,Fiction Novel V7,Books,Fiction,1390.91,50,695.46,695.45,117,3.63,4.31,39
PROD001322,NCERT Book V7,Books,NCERT,1713.68,22,377.01,1336.67,314,4.1,4.21,28
PROD001323,Comics V1,Books,Comics,1674.23,35,585.98,1088.25,74,3.55,4.35,34
PROD001324,Notebook V9,Books,Notebook,1023.89,46,470.99,552.9,132,0.23,4.39,31
PROD001325,Stationery Set V3,Books,Stationery,1594.53,10,159.45,1435.08,685,0.22,4.39,33
PROD001326,Aashirvaad Atta V8,Grocery,Aashirvaad,1238.59,19,235.33,1003.26,945,4.34,4.44,62
PROD001327,Fortune Oil V8,Grocery,Fortune,299.5,16,47.92,251.58,132,0.34,4.45,56
PROD001328,Lays Chips V1,Grocery,Lays,812.33,21,170.59,641.74,247,4.09,4.47,49
PROD001329,Nescafe Coffee V4,Grocery,Nescafe,423.46,22,93.16,330.3,131,0.66,4.32,62
PROD001330,Haldiram Snacks V7,Grocery,Haldiram,416.19,29,120.7,295.49,540,3.82,4.46,63
PROD001331,Samsung Mobile V3,Electronics,Samsung,138540,41,56801.4,81738.6,973,3.28,4.49,105
PROD001332,HP Laptop V1,Electronics,HP,106997.14,25,26749.28,80247.86,450,0.64,4.41,105
PROD001333,boAt Headphones V9,Electronics,boAt,8337.05,48,4001.78,4335.27,560,3.84,4.31,127
PROD001334,Noise Watch V7,Electronics,Noise,47374.7,25,11843.67,35531.03,897,0.74,4.4,110
PROD001335,Apple iPhone V7,Electronics,Apple,39656.02,39,15465.85,24190.17,165,2.39,4.43,122
PROD001336,Levis Jeans V2,Fashion,Levis,12296.05,22,2705.13,9590.92,503,1.63,4.39,79
PROD001337,Peter England Shirt V2,Fashion,Peter,8984,15,1347.6,7636.4,838,4.86,4.5,74
PROD001338,Nike Shoes V9,Fashion,Nike,12721.69,34,4325.37,8396.32,298,3.91,4.53,78
PROD001339,Titan Watch V2,Fashion,Titan,621.15,35,217.4,403.75,579,2.44,4.27,83
PROD001340,Puma T-shirt V1,Fashion,Puma,6943.79,20,1388.76,5555.03,869,2.79,4.48,87
PROD001341,IKEA Chair V9,Home,IKEA,29837.31,36,10741.43,19095.88,799,3.76,4.44,55
PROD001342,Prestige Cooker V6,Home,Prestige,24134.51,27,6516.32,17618.19,824,4.47,4.35,54
PROD001343,Philips Mixer V3,Home,Philips,27659.79,31,8574.53,19085.26,979,0.4,4.44,57
PROD001344,Godrej Almirah V6,Home,Godrej,35279.92,25,8819.98,26459.94,510,0.6,4.31,54
PROD001345,Urban Ladder Sofa V7,Home,Urban,25631.59,34,8714.74,16916.85,355,4.46,4.5,62
PROD001346,Lakme Lipstick V7,Beauty,Lakme,4812.38,41,1973.08,2839.3,971,3.03,4.55,33
PROD001347,Mamaearth Facewash V10,Beauty,Mamaearth,1279.19,16,204.67,1074.52,451,4.72,4.28,29
PROD001348,Nivea Cream V8,Beauty,Nivea,4128.72,19,784.46,3344.26,705,2.08,4.37,30
PROD001349,Dove Soap V3,Beauty,Dove,4774.36,35,1671.03,3103.33,323,1.43,4.61,28
PROD001350,Plum Serum V5,Beauty,Plum,267.33,5,13.37,253.96,629,2.86,4.48,29
PROD001351,Nike T-shirt V2,Sports,Nike,19522.81,49,9566.18,9956.63,32,3.58,4.51,43
PROD001352,Puma Shoes V9,Sports,Puma,19942.94,19,3789.16,16153.78,481,4.69,4.48,52
PROD001353,Decathlon Cycle V7,Sports,Decathlon,8244.29,9,741.99,7502.3,377,0.23,4.45,56
PROD001354,Yoga Mat V6,Sports,Yoga,11333.95,25,2833.49,8500.46,185,1.7,4.51,51
PROD001355,Dumbbells V1,Sports,Dumbbells,7420.12,20,1484.02,5936.1,916,4.98,4.33,46
PROD001356,Fiction Novel V3,Books,Fiction,1555.01,26,404.3,1150.71,151,3.14,4.52,27
PROD001357,NCERT Book V3,Books,NCERT,1313.98,35,459.89,854.09,575,0.38,4.15,33
PROD001358,Comics V8,Books,Comics,864.04,23,198.73,665.31,674,3.21,4.24,34
PROD001359,Notebook V3,Books,Notebook,272.32,5,13.62,258.7,961,1.08,4.5,34
PROD001360,Stationery Set V10,Books,Stationery,675.98,11,74.36,601.62,446,1.23,4.38,34
PROD001361,Aashirvaad Atta V1,Grocery,Aashirvaad,949.69,48,455.85,493.84,94,1.17,4.43,46
PROD001362,Fortune Oil V1,Grocery,Fortune,1010.44,27,272.82,737.62,996,1.17,4.41,41
PROD001363,Lays Chips V4,Grocery,Lays,947.78,22,208.51,739.27,631,4.72,4.2,70
PROD001364,Nescafe Coffee V6,Grocery,Nescafe,1948.32,44,857.26,1091.06,639,0.63,4.55,62
PROD001365,Haldiram Snacks V5,Grocery,Haldiram,1733.82,22,381.44,1352.38,846,0.47,4.35,54
PROD001366,Samsung Mobile V4,Electronics,Samsung,134312.83,5,6715.64,127597.19,702,1.75,4.49,113
PROD001367,HP Laptop V3,Electronics,HP,69387.99,11,7632.68,61755.31,560,2.76,4.51,96
PROD001368,boAt Headphones V8,Electronics,boAt,79842.17,31,24751.07,55091.1,349,0.92,4.47,120
PROD001369,Noise Watch V3,Electronics,Noise,126752.59,28,35490.73,91261.86,651,2.68,4.28,122
PROD001370,Apple iPhone V2,Electronics,Apple,32180.61,22,7079.73,25100.88,770,4.1,4.36,121
PROD001371,Levis Jeans V3,Fashion,Levis,13253.61,47,6229.2,7024.41,602,4.87,4.42,92
PROD001372,Peter England Shirt V10,Fashion,Peter,2766.54,42,1161.95,1604.59,590,0.87,4.39,83
PROD001373,Nike Shoes V6,Fashion,Nike,13129.53,21,2757.2,10372.33,459,0.55,4.36,70
PROD001374,Titan Watch V3,Fashion,Titan,1633.21,5,81.66,1551.55,556,4.85,4.42,79
PROD001375,Puma T-shirt V8,Fashion,Puma,7364.3,35,2577.51,4786.79,123,3.75,4.5,66
PROD001376,IKEA Chair V5,Home,IKEA,37656.73,38,14309.56,23347.17,393,2.67,4.44,62
PROD001377,Prestige Cooker V1,Home,Prestige,9735.43,15,1460.31,8275.12,79,4.86,4.41,66
PROD001378,Philips Mixer V6,Home,Philips,20247.94,30,6074.38,14173.56,272,4.28,4.46,46
PROD001379,Godrej Almirah V1,Home,Godrej,9660.42,8,772.83,8887.59,46,1.5,4.49,47
PROD001380,Urban Ladder Sofa V6,Home,Urban,8491,38,3226.58,5264.42,508,4.4,4.42,45
PROD001381,Lakme Lipstick V1,Beauty,Lakme,2006.88,21,421.44,1585.44,659,2.51,4.19,31
PROD001382,Mamaearth Facewash V2,Beauty,Mamaearth,2282.02,7,159.74,2122.28,465,2.91,4.4,35
PROD001383,Nivea Cream V10,Beauty,Nivea,423.15,8,33.85,389.3,268,3.54,4.45,29
PROD001384,Dove Soap V8,Beauty,Dove,2779.99,37,1028.6,1751.39,61,4.16,4.43,21
PROD001385,Plum Serum V9,Beauty,Plum,1839.19,21,386.23,1452.96,843,4.83,4.46,28
PROD001386,Nike T-shirt V4,Sports,Nike,25931.49,31,8038.76,17892.73,836,2.53,4.49,57
PROD001387,Puma Shoes V8,Sports,Puma,25031.21,12,3003.75,22027.46,405,4.61,4.28,40
PROD001388,Decathlon Cycle V8,Sports,Decathlon,1340.22,19,254.64,1085.58,545,4.54,4.45,51
PROD001389,Yoga Mat V3,Sports,Yoga,18794.06,37,6953.8,11840.26,520,3.76,4.56,50
PROD001390,Dumbbells V2,Sports,Dumbbells,17751.57,26,4615.41,13136.16,303,1.86,4.41,44
PROD001391,Fiction Novel V2,Books,Fiction,746.59,18,134.39,612.2,961,2.23,4.34,29
PROD001392,NCERT Book V3,Books,NCERT,1434.1,19,272.48,1161.62,686,1.93,4.29,42
PROD001393,Comics V2,Books,Comics,919.62,29,266.69,652.93,107,4.48,4.67,36
PROD001394,Notebook V3,Books,Notebook,1024.74,16,163.96,860.78,458,2.93,4.24,21
PROD001395,Stationery Set V2,Books,Stationery,571.81,36,205.85,365.96,89,1.31,4.33,36
PROD001396,Aashirvaad Atta V6,Grocery,Aashirvaad,560.42,5,28.02,532.4,47,3.87,4.38,53
PROD001397,Fortune Oil V10,Grocery,Fortune,741.02,14,103.74,637.28,554,2.64,4.57,54
PROD001398,Lays Chips V9,Grocery,Lays,666.33,48,319.84,346.49,224,1.91,4.07,44
PROD001399,Nescafe Coffee V7,Grocery,Nescafe,1702.18,32,544.7,1157.48,888,2.21,4.53,59
PROD001400,Haldiram Snacks V4,Grocery,Haldiram,2287.2,18,411.7,1875.5,889,2.91,4.43,60
PROD001401,Samsung Mobile V5,Electronics,Samsung,29695.68,44,13066.1,16629.58,384,2.42,4.43,104
PROD001402,HP Laptop V2,Electronics,HP,4795.54,9,431.6,4363.94,915,4.13,4.34,105
PROD001403,boAt Headphones V9,Electronics,boAt,70741.54,41,29004.03,41737.51,484,2.06,4.26,112
PROD001404,Noise Watch V2,Electronics,Noise,106585.63,42,44765.96,61819.67,269,3.69,4.44,128
PROD001405,Apple iPhone V3,Electronics,Apple,144930.78,15,21739.62,123191.16,715,1.77,4.39,118
PROD001406,Levis Jeans V6,Fashion,Levis,1156.01,49,566.44,589.57,12,4.97,4.41,75
PROD001407,Peter England Shirt V5,Fashion,Peter,14634.25,24,3512.22,11122.03,160,2,4.47,83
PROD001408,Nike Shoes V7,Fashion,Nike,12699.58,33,4190.86,8508.72,419,3.16,4.51,73
PROD001409,Titan Watch V9,Fashion,Titan,8786.2,6,527.17,8259.03,128,4.61,4.49,88
PROD001410,Puma T-shirt V3,Fashion,Puma,5692.76,14,796.99,4895.77,463,3.27,4.47,92
PROD001411,IKEA Chair V8,Home,IKEA,20451.62,8,1636.13,18815.49,236,4.01,4.48,56
PROD001412,Prestige Cooker V2,Home,Prestige,7618.12,27,2056.89,5561.23,781,0.22,4.52,54
PROD001413,Philips Mixer V6,Home,Philips,13893.67,46,6391.09,7502.58,284,3.36,4.43,69
PROD001414,Godrej Almirah V5,Home,Godrej,5541.29,47,2604.41,2936.88,267,3.21,4.41,63
PROD001415,Urban Ladder Sofa V9,Home,Urban,44401.5,17,7548.26,36853.24,730,1.11,4.47,51
PROD001416,Lakme Lipstick V10,Beauty,Lakme,4691.94,23,1079.15,3612.79,836,3.29,4.27,26
PROD001417,Mamaearth Facewash V7,Beauty,Mamaearth,4586.53,47,2155.67,2430.86,55,1.73,4.36,36
PROD001418,Nivea Cream V10,Beauty,Nivea,2090.47,26,543.52,1546.95,241,3.66,4.67,33
PROD001419,Dove Soap V4,Beauty,Dove,3711.42,15,556.71,3154.71,97,4.2,4.4,20
PROD001420,Plum Serum V9,Beauty,Plum,4574.62,12,548.95,4025.67,734,3.31,4.48,25
PROD001421,Nike T-shirt V7,Sports,Nike,3972.26,6,238.34,3733.92,92,3.88,4.34,47
PROD001422,Puma Shoes V8,Sports,Puma,26873.51,11,2956.09,23917.42,145,1.4,4.4,50
PROD001423,Decathlon Cycle V4,Sports,Decathlon,30656.64,30,9196.99,21459.65,93,1.39,4.41,39
PROD001424,Yoga Mat V7,Sports,Yoga,12574.35,15,1886.15,10688.2,890,0.93,4.2,45
PROD001425,Dumbbells V5,Sports,Dumbbells,20734.6,41,8501.19,12233.41,366,0.75,4.44,41
PROD001426,Fiction Novel V9,Books,Fiction,1569.37,11,172.63,1396.74,260,4.99,4.48,33
PROD001427,NCERT Book V5,Books,NCERT,1664.46,19,316.25,1348.21,348,3.73,4.4,35
PROD001428,Comics V1,Books,Comics,549.34,47,258.19,291.15,638,2.31,4.43,35
PROD001429,Notebook V8,Books,Notebook,1554.11,23,357.45,1196.66,982,4.41,4.28,39
PROD001430,Stationery Set V1,Books,Stationery,1277.57,26,332.17,945.4,362,4.13,4.47,32
PROD001431,Aashirvaad Atta V1,Grocery,Aashirvaad,187.25,35,65.54,121.71,577,1.98,4.43,60
PROD001432,Fortune Oil V8,Grocery,Fortune,1387.57,34,471.77,915.8,488,0.88,4.39,62
PROD001433,Lays Chips V8,Grocery,Lays,1909.39,24,458.25,1451.14,272,1.12,4.64,59
PROD001434,Nescafe Coffee V7,Grocery,Nescafe,889.2,34,302.33,586.87,767,2.58,4.4,63
PROD001435,Haldiram Snacks V1,Grocery,Haldiram,673.99,35,235.9,438.09,975,0.64,4.43,60
PROD001436,Samsung Mobile V3,Electronics,Samsung,34287.47,27,9257.62,25029.85,970,4.01,4.33,120
PROD001437,HP Laptop V10,Electronics,HP,73426.78,6,4405.61,69021.17,81,1.21,4.3,100
PROD001438,boAt Headphones V7,Electronics,boAt,44986.72,44,19794.16,25192.56,532,0.86,4.33,92
PROD001439,Noise Watch V7,Electronics,Noise,127432.62,8,10194.61,117238.01,182,3.18,4.49,104
PROD001440,Apple iPhone V7,Electronics,Apple,73257.14,24,17581.71,55675.43,828,4.37,4.3,106
PROD001441,Levis Jeans V3,Fashion,Levis,6987.6,39,2725.16,4262.44,640,0.98,4.54,87
PROD001442,Peter England Shirt V6,Fashion,Peter,3215.26,39,1253.95,1961.31,724,1.66,4.28,90
PROD001443,Nike Shoes V3,Fashion,Nike,14586.07,49,7147.17,7438.9,828,2.49,4.46,82
PROD001444,Titan Watch V8,Fashion,Titan,7053.56,20,1410.71,5642.85,556,4.23,4.46,83
PROD001445,Puma T-shirt V1,Fashion,Puma,613.04,48,294.26,318.78,354,4.77,4.42,83
PROD001446,IKEA Chair V8,Home,IKEA,36733.73,41,15060.83,21672.9,433,3.97,4.4,47
PROD001447,Prestige Cooker V10,Home,Prestige,16319.2,24,3916.61,12402.59,419,1.37,4.37,63
PROD001448,Philips Mixer V9,Home,Philips,12128.87,8,970.31,11158.56,160,0.9,4.47,38
PROD001449,Godrej Almirah V1,Home,Godrej,36337.33,22,7994.21,28343.12,637,0.49,4.44,55
PROD001450,Urban Ladder Sofa V10,Home,Urban,39510.98,21,8297.31,31213.67,83,3.4,4.21,43
PROD001451,Lakme Lipstick V6,Beauty,Lakme,2912.19,28,815.41,2096.78,880,0.31,4.56,25
PROD001452,Mamaearth Facewash V5,Beauty,Mamaearth,2319.85,6,139.19,2180.66,373,3.06,4.41,29
PROD001453,Nivea Cream V8,Beauty,Nivea,1028.5,27,277.69,750.81,58,4.2,4.4,30
PROD001454,Dove Soap V10,Beauty,Dove,2139.87,44,941.54,1198.33,818,1.97,4.5,18
PROD001455,Plum Serum V9,Beauty,Plum,451.54,10,45.15,406.39,602,1.06,4.54,28
PROD001456,Nike T-shirt V1,Sports,Nike,9203,39,3589.17,5613.83,190,4.21,4.46,48
PROD001457,Puma Shoes V8,Sports,Puma,24546.72,23,5645.75,18900.97,733,3.48,4.45,47
PROD001458,Decathlon Cycle V9,Sports,Decathlon,23608.01,33,7790.64,15817.37,412,3,4.28,43
PROD001459,Yoga Mat V7,Sports,Yoga,13992.71,30,4197.81,9794.9,992,1.67,4.53,40
PROD001460,Dumbbells V7,Sports,Dumbbells,27656.14,48,13274.95,14381.19,492,4.77,4.33,51
PROD001461,Fiction Novel V4,Books,Fiction,982.24,33,324.14,658.1,81,0.52,4.52,27
PROD001462,NCERT Book V10,Books,NCERT,1664.86,34,566.05,1098.81,920,2.97,4.7,23
PROD001463,Comics V4,Books,Comics,1969.79,20,393.96,1575.83,39,3.62,4.38,39
PROD001464,Notebook V1,Books,Notebook,1028.14,18,185.07,843.07,808,4.18,4.32,28
PROD001465,Stationery Set V5,Books,Stationery,802.98,25,200.75,602.23,845,3.15,4.76,25
PROD001466,Aashirvaad Atta V4,Grocery,Aashirvaad,2844.69,43,1223.22,1621.47,301,2.15,4.41,61
PROD001467,Fortune Oil V8,Grocery,Fortune,744.71,50,372.36,372.35,328,1.86,4.44,59
PROD001468,Lays Chips V1,Grocery,Lays,1817.27,41,745.08,1072.19,574,2.79,4.53,57
PROD001469,Nescafe Coffee V1,Grocery,Nescafe,2475.68,15,371.35,2104.33,813,0.91,4.45,40
PROD001470,Haldiram Snacks V10,Grocery,Haldiram,843.79,16,135.01,708.78,362,3,4.53,53
PROD001471,Samsung Mobile V9,Electronics,Samsung,111782.63,27,30181.31,81601.32,935,1.39,4.41,98
PROD001472,HP Laptop V6,Electronics,HP,54784.32,27,14791.77,39992.55,600,3.65,4.41,99
PROD001473,boAt Headphones V3,Electronics,boAt,78456.58,9,7061.09,71395.49,697,0.31,4.36,115
PROD001474,Noise Watch V5,Electronics,Noise,55571.28,20,11114.26,44457.02,680,0.8,4.47,130
PROD001475,Apple iPhone V1,Electronics,Apple,91824.37,20,18364.87,73459.5,687,4.55,4.44,114
PROD001476,Levis Jeans V5,Fashion,Levis,11147.71,17,1895.11,9252.6,755,3.43,4.35,98
PROD001477,Peter England Shirt V2,Fashion,Peter,9781.79,20,1956.36,7825.43,309,3.16,4.41,85
PROD001478,Nike Shoes V7,Fashion,Nike,4616.36,43,1985.03,2631.33,170,4.55,4.39,72
PROD001479,Titan Watch V1,Fashion,Titan,3211.54,25,802.88,2408.66,200,4.96,4.34,70
PROD001480,Puma T-shirt V10,Fashion,Puma,5441.88,11,598.61,4843.27,183,2.14,4.4,78
PROD001481,IKEA Chair V8,Home,IKEA,34497.87,37,12764.21,21733.66,796,3.05,4.37,51
PROD001482,Prestige Cooker V4,Home,Prestige,11828.69,16,1892.59,9936.1,361,1.79,4.42,64
PROD001483,Philips Mixer V7,Home,Philips,33969.29,8,2717.54,31251.75,487,4.25,4.52,52
PROD001484,Godrej Almirah V3,Home,Godrej,40796.84,9,3671.72,37125.12,950,3.4,4.45,65
PROD001485,Urban Ladder Sofa V1,Home,Urban,16870.6,35,5904.71,10965.89,140,2.15,4.38,50
PROD001486,Lakme Lipstick V1,Beauty,Lakme,3545.87,36,1276.51,2269.36,229,3.21,4.44,27
PROD001487,Mamaearth Facewash V6,Beauty,Mamaearth,2492.22,23,573.21,1919.01,806,2.65,4.41,37
PROD001488,Nivea Cream V5,Beauty,Nivea,1113.55,6,66.81,1046.74,967,4.73,4.38,29
PROD001489,Dove Soap V8,Beauty,Dove,2685.95,48,1289.26,1396.69,142,0.9,4.36,22
PROD001490,Plum Serum V6,Beauty,Plum,2037.88,34,692.88,1345,763,2.05,4.46,24
PROD001491,Nike T-shirt V7,Sports,Nike,24809.09,10,2480.91,22328.18,891,1.02,4.48,46
PROD001492,Puma Shoes V2,Sports,Puma,2952.44,13,383.82,2568.62,608,2.91,4.28,53
PROD001493,Decathlon Cycle V2,Sports,Decathlon,17776.95,9,1599.93,16177.02,11,3.06,4.38,65
PROD001494,Yoga Mat V6,Sports,Yoga,29854.29,33,9851.92,20002.37,451,3.83,4.38,45
PROD001495,Dumbbells V6,Sports,Dumbbells,20250.95,49,9922.97,10327.98,561,3.61,4.52,52
PROD001496,Fiction Novel V8,Books,Fiction,1068.1,23,245.66,822.44,93,2.8,4.26,27
PROD001497,NCERT Book V3,Books,NCERT,1053.5,33,347.65,705.85,925,3.26,4.27,41
PROD001498,Comics V9,Books,Comics,303.75,49,148.84,154.91,663,1.11,4.4,43
PROD001499,Notebook V3,Books,Notebook,1294.12,49,634.12,660,35,0.45,4.28,25
PROD001500,Stationery Set V5,Books,Stationery,957.95,16,153.27,804.68,544,2.57,4.5,44
PROD001501,Aashirvaad Atta V2,Grocery,Aashirvaad,1574.72,22,346.44,1228.28,901,2.75,4.39,56
PROD001502,Fortune Oil V3,Grocery,Fortune,79.29,40,31.72,47.57,317,4.41,4.44,71
PROD001503,Lays Chips V6,Grocery,Lays,69.22,23,15.92,53.3,980,1.79,4.34,70
PROD001504,Nescafe Coffee V4,Grocery,Nescafe,1843.55,20,368.71,1474.84,281,0.32,4.28,57
PROD001505,Haldiram Snacks V10,Grocery,Haldiram,2579.89,45,1160.95,1418.94,214,1.84,4.32,65
PROD001506,Samsung Mobile V8,Electronics,Samsung,10851.66,11,1193.68,9657.98,787,4.6,4.41,115
PROD001507,HP Laptop V10,Electronics,HP,9208.13,44,4051.58,5156.55,654,0.45,4.35,112
PROD001508,boAt Headphones V6,Electronics,boAt,79382.06,43,34134.29,45247.77,645,2.98,4.35,135
PROD001509,Noise Watch V7,Electronics,Noise,66821.88,39,26060.53,40761.35,539,4.17,4.38,104
PROD001510,Apple iPhone V1,Electronics,Apple,34511.42,24,8282.74,26228.68,847,3.37,4.43,113
PROD001511,Levis Jeans V4,Fashion,Levis,3606.19,32,1153.98,2452.21,261,2.13,4.38,77
PROD001512,Peter England Shirt V4,Fashion,Peter,6351.3,37,2349.98,4001.32,809,1.86,4.23,77
PROD001513,Nike Shoes V9,Fashion,Nike,3185.04,38,1210.32,1974.72,979,2.13,4.43,96
PROD001514,Titan Watch V2,Fashion,Titan,12833.88,35,4491.86,8342.02,411,3.41,4.37,98
PROD001515,Puma T-shirt V7,Fashion,Puma,5670.75,8,453.66,5217.09,180,4.02,4.37,91
PROD001516,IKEA Chair V9,Home,IKEA,17526.2,11,1927.88,15598.32,830,0.38,4.42,60
PROD001517,Prestige Cooker V8,Home,Prestige,2491.96,10,249.2,2242.76,259,3.02,4.33,54
PROD001518,Philips Mixer V5,Home,Philips,16000.82,44,7040.36,8960.46,500,4.15,4.3,66
PROD001519,Godrej Almirah V2,Home,Godrej,18370.12,14,2571.82,15798.3,739,1.24,4.26,50
PROD001520,Urban Ladder Sofa V2,Home,Urban,32061.17,11,3526.73,28534.44,251,2.67,4.28,50
PROD001521,Lakme Lipstick V4,Beauty,Lakme,1035.96,10,103.6,932.36,240,1.98,4.48,25
PROD001522,Mamaearth Facewash V3,Beauty,Mamaearth,3366.34,31,1043.57,2322.77,758,1.45,4.32,28
PROD001523,Nivea Cream V10,Beauty,Nivea,2926.28,7,204.84,2721.44,672,4.63,4.36,33
PROD001524,Dove Soap V6,Beauty,Dove,2339.13,27,631.57,1707.56,134,3.3,4.65,26
PROD001525,Plum Serum V3,Beauty,Plum,1596.33,10,159.63,1436.7,514,2.6,4.33,30
PROD001526,Nike T-shirt V2,Sports,Nike,6077,11,668.47,5408.53,968,4.6,4.5,44
PROD001527,Puma Shoes V9,Sports,Puma,20121.42,44,8853.42,11268,367,1.8,4.44,54
PROD001528,Decathlon Cycle V3,Sports,Decathlon,15843.43,5,792.17,15051.26,296,2.26,4.36,45
PROD001529,Yoga Mat V8,Sports,Yoga,11647.52,50,5823.76,5823.76,524,1.31,4.38,45
PROD001530,Dumbbells V4,Sports,Dumbbells,24771.57,20,4954.31,19817.26,644,0.56,4.38,47
PROD001531,Fiction Novel V6,Books,Fiction,1992.14,47,936.31,1055.83,709,0.59,4.35,46
PROD001532,NCERT Book V4,Books,NCERT,851.69,47,400.29,451.4,375,1.43,4.38,26
PROD001533,Comics V3,Books,Comics,1058.74,32,338.8,719.94,86,1.69,4.49,39
PROD001534,Notebook V1,Books,Notebook,1319.54,27,356.28,963.26,620,2.22,4.35,40
PROD001535,Stationery Set V1,Books,Stationery,1294.11,16,207.06,1087.05,395,3.79,4.43,28
PROD001536,Aashirvaad Atta V1,Grocery,Aashirvaad,370.63,33,122.31,248.32,267,3.59,4.54,57
PROD001537,Fortune Oil V4,Grocery,Fortune,2058.08,46,946.72,1111.36,114,0.4,4.48,56
PROD001538,Lays Chips V8,Grocery,Lays,2353.31,49,1153.12,1200.19,120,2.59,4.33,54
PROD001539,Nescafe Coffee V10,Grocery,Nescafe,1334.47,30,400.34,934.13,701,1.73,4.32,38
PROD001540,Haldiram Snacks V10,Grocery,Haldiram,1578.14,25,394.54,1183.6,348,4.92,4.33,48
PROD001541,Samsung Mobile V6,Electronics,Samsung,28986.98,18,5217.66,23769.32,154,1.25,4.34,127
PROD001542,HP Laptop V3,Electronics,HP,61896.47,46,28472.38,33424.09,139,4.52,4.53,115
PROD001543,boAt Headphones V9,Electronics,boAt,78571.75,23,18071.5,60500.25,866,3.48,4.46,118
PROD001544,Noise Watch V1,Electronics,Noise,82958.98,26,21569.33,61389.65,394,1.18,4.29,112
PROD001545,Apple iPhone V7,Electronics,Apple,87621.65,16,14019.46,73602.19,230,3.28,4.34,100
PROD001546,Levis Jeans V4,Fashion,Levis,12106.46,10,1210.65,10895.81,416,0.74,4.48,84
PROD001547,Peter England Shirt V7,Fashion,Peter,3961.53,47,1861.92,2099.61,926,1.78,4.45,95
PROD001548,Nike Shoes V4,Fashion,Nike,4379.25,37,1620.32,2758.93,488,1.02,4.46,82
PROD001549,Titan Watch V6,Fashion,Titan,985.24,11,108.38,876.86,113,4.09,4.48,69
PROD001550,Puma T-shirt V3,Fashion,Puma,9196.47,35,3218.76,5977.71,236,0.87,4.49,85
PROD001551,IKEA Chair V9,Home,IKEA,18569.64,42,7799.25,10770.39,569,2.88,4.37,51
PROD001552,Prestige Cooker V1,Home,Prestige,4557.72,7,319.04,4238.68,359,2.58,4.4,70
PROD001553,Philips Mixer V2,Home,Philips,12405.25,20,2481.05,9924.2,27,4.08,4.48,48
PROD001554,Godrej Almirah V6,Home,Godrej,1884.83,37,697.39,1187.44,808,1.85,4.45,74
PROD001555,Urban Ladder Sofa V8,Home,Urban,11651.47,16,1864.24,9787.23,357,1.57,4.39,51
PROD001556,Lakme Lipstick V7,Beauty,Lakme,1422.8,25,355.7,1067.1,933,1.49,4.53,19
PROD001557,Mamaearth Facewash V5,Beauty,Mamaearth,2322.54,25,580.63,1741.91,763,1.76,4.43,23
PROD001558,Nivea Cream V1,Beauty,Nivea,967.18,24,232.12,735.06,829,4.89,4.16,25
PROD001559,Dove Soap V10,Beauty,Dove,2243.63,8,179.49,2064.14,691,1.49,4.48,23
PROD001560,Plum Serum V10,Beauty,Plum,940.47,8,75.24,865.23,480,0.58,4.42,26
PROD001561,Nike T-shirt V9,Sports,Nike,7642.1,18,1375.58,6266.52,307,0.74,4.28,46
PROD001562,Puma Shoes V8,Sports,Puma,20234.25,16,3237.48,16996.77,757,0.58,4.15,39
PROD001563,Decathlon Cycle V3,Sports,Decathlon,24790.84,14,3470.72,21320.12,154,0.29,4.35,46
PROD001564,Yoga Mat V8,Sports,Yoga,6763.3,32,2164.26,4599.04,846,0.46,4.57,47
PROD001565,Dumbbells V7,Sports,Dumbbells,11522.38,32,3687.16,7835.22,524,4.08,4.32,53
PROD001566,Fiction Novel V2,Books,Fiction,765.38,15,114.81,650.57,375,3.94,4.37,30
PROD001567,NCERT Book V1,Books,NCERT,1115.66,24,267.76,847.9,264,0.56,4.41,27
PROD001568,Comics V7,Books,Comics,767.99,31,238.08,529.91,631,1.27,4.24,33
PROD001569,Notebook V9,Books,Notebook,1306.83,44,575.01,731.82,549,0.91,4.45,20
PROD001570,Stationery Set V8,Books,Stationery,1226.24,34,416.92,809.32,891,3.28,4.45,33
PROD001571,Aashirvaad Atta V2,Grocery,Aashirvaad,1489.88,38,566.15,923.73,357,2.96,4.48,69
PROD001572,Fortune Oil V10,Grocery,Fortune,1853.42,11,203.88,1649.54,434,2.45,4.4,45
PROD001573,Lays Chips V6,Grocery,Lays,320.49,26,83.33,237.16,459,0.28,4.4,48
PROD001574,Nescafe Coffee V4,Grocery,Nescafe,1309.09,44,576,733.09,391,2.96,4.38,47
PROD001575,Haldiram Snacks V6,Grocery,Haldiram,2819.32,31,873.99,1945.33,489,4.01,4.29,63
PROD001576,Samsung Mobile V2,Electronics,Samsung,95116.97,40,38046.79,57070.18,922,2.96,4.33,118
PROD001577,HP Laptop V10,Electronics,HP,141727.68,42,59525.63,82202.05,788,0.78,4.27,108
PROD001578,boAt Headphones V4,Electronics,boAt,9148.55,43,3933.88,5214.67,131,1.05,4.44,111
PROD001579,Noise Watch V6,Electronics,Noise,10188.34,18,1833.9,8354.44,184,0.68,4.36,107
PROD001580,Apple iPhone V1,Electronics,Apple,50472.81,31,15646.57,34826.24,300,1.87,4.48,108
PROD001581,Levis Jeans V1,Fashion,Levis,8956.61,25,2239.15,6717.46,886,4.33,4.31,65
PROD001582,Peter England Shirt V3,Fashion,Peter,12401.26,43,5332.54,7068.72,971,0.88,4.5,70
PROD001583,Nike Shoes V4,Fashion,Nike,13172.66,20,2634.53,10538.13,764,4.48,4.41,79
PROD001584,Titan Watch V1,Fashion,Titan,3222.34,6,193.34,3029,770,2.29,4.33,90
PROD001585,Puma T-shirt V8,Fashion,Puma,14478.34,30,4343.5,10134.84,841,1.54,4.43,81
PROD001586,IKEA Chair V10,Home,IKEA,15542.11,40,6216.84,9325.27,17,3.92,4.26,65
PROD001587,Prestige Cooker V4,Home,Prestige,46813.22,13,6085.72,40727.5,448,1.47,4.52,61
PROD001588,Philips Mixer V2,Home,Philips,49690.33,10,4969.03,44721.3,221,2.7,4.47,57
PROD001589,Godrej Almirah V5,Home,Godrej,1165.73,10,116.57,1049.16,386,2.31,4.42,65
PROD001590,Urban Ladder Sofa V7,Home,Urban,42163.1,23,9697.51,32465.59,512,4.26,4.51,57
PROD001591,Lakme Lipstick V8,Beauty,Lakme,1120.02,8,89.6,1030.42,832,2.09,4.32,19
PROD001592,Mamaearth Facewash V4,Beauty,Mamaearth,1864.79,28,522.14,1342.65,256,0.53,4.38,24
PROD001593,Nivea Cream V8,Beauty,Nivea,1595.03,35,558.26,1036.77,37,0.88,4.3,27
PROD001594,Dove Soap V3,Beauty,Dove,4586.93,12,550.43,4036.5,321,1.74,4.52,29
PROD001595,Plum Serum V7,Beauty,Plum,1563.58,13,203.27,1360.31,868,3.1,4.19,31
PROD001596,Nike T-shirt V5,Sports,Nike,31290.18,8,2503.21,28786.97,122,1.16,4.27,48
PROD001597,Puma Shoes V9,Sports,Puma,21663.46,24,5199.23,16464.23,13,1.19,4.4,50
PROD001598,Decathlon Cycle V1,Sports,Decathlon,21445.35,38,8149.23,13296.12,603,4.85,4.31,55
PROD001599,Yoga Mat V8,Sports,Yoga,31465.76,48,15103.56,16362.2,268,1.87,4.39,49
PROD001600,Dumbbells V2,Sports,Dumbbells,18079.8,7,1265.59,16814.21,325,3.27,4.59,51
PROD001601,Fiction Novel V10,Books,Fiction,1719.28,28,481.4,1237.88,458,2.52,4.38,26
PROD001602,NCERT Book V9,Books,NCERT,1284.8,25,321.2,963.6,498,3.44,4.35,26
PROD001603,Comics V4,Books,Comics,810.51,48,389.04,421.47,233,0.58,4.38,32
PROD001604,Notebook V3,Books,Notebook,977.84,47,459.58,518.26,862,1.94,4.29,24
PROD001605,Stationery Set V5,Books,Stationery,1341.35,47,630.43,710.92,565,0.83,4.34,32
PROD001606,Aashirvaad Atta V7,Grocery,Aashirvaad,480.13,33,158.44,321.69,175,0.76,4.47,68
PROD001607,Fortune Oil V8,Grocery,Fortune,1098.06,27,296.48,801.58,217,2.29,4.41,61
PROD001608,Lays Chips V6,Grocery,Lays,2107.48,8,168.6,1938.88,620,4.55,4.26,61
PROD001609,Nescafe Coffee V6,Grocery,Nescafe,636.23,46,292.67,343.56,726,0.48,4.37,59
PROD001610,Haldiram Snacks V1,Grocery,Haldiram,624.02,37,230.89,393.13,671,2.15,4.39,59
PROD001611,Samsung Mobile V3,Electronics,Samsung,64158.3,24,15397.99,48760.31,858,1.86,4.5,105
PROD001612,HP Laptop V9,Electronics,HP,70226.26,47,33006.34,37219.92,950,3.99,4.25,108
PROD001613,boAt Headphones V6,Electronics,boAt,68431.16,48,32846.96,35584.2,665,2.69,4.37,103
PROD001614,Noise Watch V4,Electronics,Noise,54865.46,45,24689.46,30176,547,4.67,4.41,104
PROD001615,Apple iPhone V5,Electronics,Apple,19724.48,37,7298.06,12426.42,764,0.44,4.37,139
PROD001616,Levis Jeans V1,Fashion,Levis,8837.52,8,707,8130.52,844,4.2,4.31,67
PROD001617,Peter England Shirt V9,Fashion,Peter,8115.88,40,3246.35,4869.53,544,2.86,4.39,85
PROD001618,Nike Shoes V3,Fashion,Nike,9960.5,8,796.84,9163.66,412,3.02,4.32,88
PROD001619,Titan Watch V9,Fashion,Titan,5599.24,11,615.92,4983.32,19,0.64,4.41,76
PROD001620,Puma T-shirt V5,Fashion,Puma,3071.26,40,1228.5,1842.76,815,1.34,4.49,87
PROD001621,IKEA Chair V6,Home,IKEA,34234.87,36,12324.55,21910.32,100,3.38,4.45,60
PROD001622,Prestige Cooker V2,Home,Prestige,35680.69,48,17126.73,18553.96,908,1.64,4.55,53
PROD001623,Philips Mixer V9,Home,Philips,12107.46,7,847.52,11259.94,639,3.91,4.4,65
PROD001624,Godrej Almirah V6,Home,Godrej,11794.92,32,3774.37,8020.55,255,4.17,4.43,49
PROD001625,Urban Ladder Sofa V2,Home,Urban,47634.5,40,19053.8,28580.7,334,2.19,4.36,47
PROD001626,Lakme Lipstick V10,Beauty,Lakme,2643.34,13,343.63,2299.71,176,3.19,4.28,29
PROD001627,Mamaearth Facewash V7,Beauty,Mamaearth,2891.48,47,1359,1532.48,949,1.98,4.49,39
PROD001628,Nivea Cream V1,Beauty,Nivea,4505.73,9,405.52,4100.21,362,3.13,4.19,31
PROD001629,Dove Soap V8,Beauty,Dove,2192.78,31,679.76,1513.02,202,0.43,4.21,24
PROD001630,Plum Serum V10,Beauty,Plum,672.12,36,241.96,430.16,621,0.94,4.18,22
PROD001631,Nike T-shirt V6,Sports,Nike,9158.2,26,2381.13,6777.07,925,0.72,4.56,36
PROD001632,Puma Shoes V1,Sports,Puma,22024.34,45,9910.95,12113.39,726,0.97,4.49,45
PROD001633,Decathlon Cycle V4,Sports,Decathlon,22410.12,31,6947.14,15462.98,895,4.78,4.5,58
PROD001634,Yoga Mat V1,Sports,Yoga,25636.48,34,8716.4,16920.08,589,0.74,4.48,50
PROD001635,Dumbbells V9,Sports,Dumbbells,27438.51,45,12347.33,15091.18,358,2.21,4.29,35
PROD001636,Fiction Novel V6,Books,Fiction,677.18,10,67.72,609.46,433,2.86,4.59,32
PROD001637,NCERT Book V8,Books,NCERT,478.49,44,210.54,267.95,235,0.43,4.3,30
PROD001638,Comics V7,Books,Comics,800.02,15,120,680.02,220,2.5,4.23,30
PROD001639,Notebook V6,Books,Notebook,591.02,49,289.6,301.42,615,3.08,4.4,47
PROD001640,Stationery Set V5,Books,Stationery,529.36,26,137.63,391.73,908,1.21,4.42,33
PROD001641,Aashirvaad Atta V6,Grocery,Aashirvaad,1444.21,6,86.65,1357.56,757,0.81,4.28,39
PROD001642,Fortune Oil V6,Grocery,Fortune,2467.92,13,320.83,2147.09,413,3.82,4.46,48
PROD001643,Lays Chips V2,Grocery,Lays,1739.4,38,660.97,1078.43,814,3.77,4.4,55
PROD001644,Nescafe Coffee V9,Grocery,Nescafe,1198.51,35,419.48,779.03,68,3.83,4.44,48
PROD001645,Haldiram Snacks V7,Grocery,Haldiram,1913.28,7,133.93,1779.35,638,4.7,4.41,49
PROD001646,Samsung Mobile V3,Electronics,Samsung,95258.06,44,41913.55,53344.51,132,2.78,4.55,120
PROD001647,HP Laptop V10,Electronics,HP,14072.63,19,2673.8,11398.83,827,2.71,4.35,113
PROD001648,boAt Headphones V3,Electronics,boAt,60455.47,15,9068.32,51387.15,771,3.28,4.53,97
PROD001649,Noise Watch V10,Electronics,Noise,105274.36,16,16843.9,88430.46,696,4.5,4.34,106
PROD001650,Apple iPhone V10,Electronics,Apple,22180.85,29,6432.45,15748.4,282,2.72,4.46,97
PROD001651,Levis Jeans V3,Fashion,Levis,8939.82,21,1877.36,7062.46,939,4.63,4.38,69
PROD001652,Peter England Shirt V9,Fashion,Peter,12779.15,14,1789.08,10990.07,165,3.79,4.33,67
PROD001653,Nike Shoes V5,Fashion,Nike,2411.36,20,482.27,1929.09,981,1.19,4.4,73
PROD001654,Titan Watch V8,Fashion,Titan,1539.11,16,246.26,1292.85,251,3.37,4.42,72
PROD001655,Puma T-shirt V6,Fashion,Puma,2007.49,25,501.87,1505.62,905,3.65,4.5,94
PROD001656,IKEA Chair V7,Home,IKEA,11754.41,23,2703.51,9050.9,263,3.6,4.56,55
PROD001657,Prestige Cooker V5,Home,Prestige,4422.08,21,928.64,3493.44,685,4.97,4.36,64
PROD001658,Philips Mixer V3,Home,Philips,21280.16,27,5745.64,15534.52,194,3.26,4.56,48
PROD001659,Godrej Almirah V4,Home,Godrej,8551.71,7,598.62,7953.09,242,4.32,4.43,47
PROD001660,Urban Ladder Sofa V3,Home,Urban,41481.2,5,2074.06,39407.14,457,4.85,4.4,55
PROD001661,Lakme Lipstick V10,Beauty,Lakme,1318.01,30,395.4,922.61,831,2.05,4.42,24
PROD001662,Mamaearth Facewash V6,Beauty,Mamaearth,1604.87,6,96.29,1508.58,676,1.35,4.48,31
PROD001663,Nivea Cream V4,Beauty,Nivea,3341.43,38,1269.74,2071.69,989,3.77,4.29,34
PROD001664,Dove Soap V8,Beauty,Dove,1384.22,33,456.79,927.43,185,4.06,4.54,28
PROD001665,Plum Serum V10,Beauty,Plum,1532.17,41,628.19,903.98,88,2.34,4.46,24
PROD001666,Nike T-shirt V3,Sports,Nike,10738.26,48,5154.36,5583.9,364,1.25,4.41,49
PROD001667,Puma Shoes V3,Sports,Puma,10659.31,45,4796.69,5862.62,587,1.3,4.49,57
PROD001668,Decathlon Cycle V6,Sports,Decathlon,21550.18,28,6034.05,15516.13,976,4.47,4.4,47
PROD001669,Yoga Mat V3,Sports,Yoga,20949.57,13,2723.44,18226.13,112,0.81,4.61,49
PROD001670,Dumbbells V8,Sports,Dumbbells,17752.78,40,7101.11,10651.67,407,3.15,4.29,51
PROD001671,Fiction Novel V5,Books,Fiction,337.01,17,57.29,279.72,428,2.79,4.32,28
PROD001672,NCERT Book V10,Books,NCERT,1640.46,29,475.73,1164.73,618,2.29,4.26,31
PROD001673,Comics V1,Books,Comics,808.12,29,234.35,573.77,439,3.2,4.48,46
PROD001674,Notebook V5,Books,Notebook,1049.19,36,377.71,671.48,985,0.86,4.43,28
PROD001675,Stationery Set V4,Books,Stationery,518.24,25,129.56,388.68,799,4.43,4.56,36
PROD001676,Aashirvaad Atta V2,Grocery,Aashirvaad,531.49,13,69.09,462.4,831,3.59,4.43,63
PROD001677,Fortune Oil V6,Grocery,Fortune,883.46,19,167.86,715.6,175,0.86,4.4,55
PROD001678,Lays Chips V2,Grocery,Lays,566.15,29,164.18,401.97,719,4.87,4.41,63
PROD001679,Nescafe Coffee V2,Grocery,Nescafe,2861.03,50,1430.52,1430.51,19,1.19,4.45,53
PROD001680,Haldiram Snacks V1,Grocery,Haldiram,1704.96,17,289.84,1415.12,884,4.13,4.38,58
PROD001681,Samsung Mobile V6,Electronics,Samsung,121579.09,11,13373.7,108205.39,860,0.42,4.41,118
PROD001682,HP Laptop V7,Electronics,HP,67986.87,48,32633.7,35353.17,549,4.52,4.47,119
PROD001683,boAt Headphones V9,Electronics,boAt,143382.16,25,35845.54,107536.62,967,2.53,4.41,133
PROD001684,Noise Watch V5,Electronics,Noise,125537.81,45,56492.01,69045.8,665,2.92,4.33,107
PROD001685,Apple iPhone V7,Electronics,Apple,24327.25,47,11433.81,12893.44,875,2.79,4.39,107
PROD001686,Levis Jeans V1,Fashion,Levis,5353.65,31,1659.63,3694.02,909,4.12,4.49,81
PROD001687,Peter England Shirt V3,Fashion,Peter,13425.14,30,4027.54,9397.6,87,3.9,4.33,91
PROD001688,Nike Shoes V3,Fashion,Nike,9019.21,17,1533.27,7485.94,975,3.18,4.41,71
PROD001689,Titan Watch V1,Fashion,Titan,6304.68,20,1260.94,5043.74,137,4.87,4.31,74
PROD001690,Puma T-shirt V1,Fashion,Puma,6690.27,27,1806.37,4883.9,737,0.6,4.41,88
PROD001691,IKEA Chair V5,Home,IKEA,33133.2,11,3644.65,29488.55,260,4.36,4.29,51
PROD001692,Prestige Cooker V3,Home,Prestige,1374.25,30,412.27,961.98,347,0.31,4.36,66
PROD001693,Philips Mixer V8,Home,Philips,20713.66,36,7456.92,13256.74,432,4.37,4.43,65
PROD001694,Godrej Almirah V7,Home,Godrej,913.05,29,264.78,648.27,132,3.01,4.45,55
PROD001695,Urban Ladder Sofa V6,Home,Urban,13092.49,46,6022.55,7069.94,939,0.46,4.34,53
PROD001696,Lakme Lipstick V10,Beauty,Lakme,1990.41,9,179.14,1811.27,807,3.22,4.5,32
PROD001697,Mamaearth Facewash V6,Beauty,Mamaearth,2851.54,44,1254.68,1596.86,936,1.57,4.41,22
PROD001698,Nivea Cream V3,Beauty,Nivea,3121.86,6,187.31,2934.55,791,3.18,4.61,23
PROD001699,Dove Soap V5,Beauty,Dove,2819.72,18,507.55,2312.17,26,1.37,4.56,25
PROD001700,Plum Serum V3,Beauty,Plum,1821.86,8,145.75,1676.11,234,4.26,4.39,28
PROD001701,Nike T-shirt V6,Sports,Nike,34770.23,41,14255.79,20514.44,510,2.04,4.37,52
PROD001702,Puma Shoes V1,Sports,Puma,28570.27,19,5428.35,23141.92,36,0.69,4.43,51
PROD001703,Decathlon Cycle V6,Sports,Decathlon,16640.9,48,7987.63,8653.27,695,4.42,4.19,47
PROD001704,Yoga Mat V10,Sports,Yoga,14792.48,45,6656.62,8135.86,113,1.08,4.45,47
PROD001705,Dumbbells V9,Sports,Dumbbells,24832.17,16,3973.15,20859.02,153,3.88,4.38,55
PROD001706,Fiction Novel V10,Books,Fiction,322.92,9,29.06,293.86,204,0.54,4.47,34
PROD001707,NCERT Book V7,Books,NCERT,1429.28,32,457.37,971.91,962,3.93,4.4,47
PROD001708,Comics V10,Books,Comics,1840.26,17,312.84,1527.42,555,1.93,4.26,35
PROD001709,Notebook V6,Books,Notebook,1846.65,28,517.06,1329.59,457,3.33,4.49,39
PROD001710,Stationery Set V10,Books,Stationery,870,12,104.4,765.6,572,4.63,4.34,35
PROD001711,Aashirvaad Atta V3,Grocery,Aashirvaad,1402.23,26,364.58,1037.65,640,2.51,4.42,74
PROD001712,Fortune Oil V10,Grocery,Fortune,1907.83,28,534.19,1373.64,127,0.44,4.19,48
PROD001713,Lays Chips V8,Grocery,Lays,1879.19,24,451.01,1428.18,729,1.15,4.29,56
PROD001714,Nescafe Coffee V4,Grocery,Nescafe,123.78,19,23.52,100.26,447,1.02,4.29,52
PROD001715,Haldiram Snacks V10,Grocery,Haldiram,580.81,49,284.6,296.21,466,4.18,4.37,51
PROD001716,Samsung Mobile V4,Electronics,Samsung,82781.46,25,20695.37,62086.09,175,0.48,4.38,109
PROD001717,HP Laptop V3,Electronics,HP,67608.95,35,23663.13,43945.82,835,1.42,4.4,113
PROD001718,boAt Headphones V6,Electronics,boAt,99816.63,29,28946.82,70869.81,254,0.24,4.48,110
PROD001719,Noise Watch V5,Electronics,Noise,62540.16,38,23765.26,38774.9,799,3.33,4.34,116
PROD001720,Apple iPhone V4,Electronics,Apple,64498.69,23,14834.7,49663.99,92,3.79,4.42,114
PROD001721,Levis Jeans V7,Fashion,Levis,2206.17,30,661.85,1544.32,50,3.16,4.45,83
PROD001722,Peter England Shirt V7,Fashion,Peter,11323.74,9,1019.14,10304.6,249,1.7,4.51,95
PROD001723,Nike Shoes V7,Fashion,Nike,9961.3,15,1494.19,8467.11,582,3.68,4.52,82
PROD001724,Titan Watch V8,Fashion,Titan,3866.93,31,1198.75,2668.18,993,0.72,4.38,77
PROD001725,Puma T-shirt V10,Fashion,Puma,5272.22,15,790.83,4481.39,348,3.05,4.3,79
PROD001726,IKEA Chair V4,Home,IKEA,17693.36,8,1415.47,16277.89,289,2.68,4.54,52
PROD001727,Prestige Cooker V10,Home,Prestige,14790.7,50,7395.35,7395.35,223,0.46,4.48,63
PROD001728,Philips Mixer V8,Home,Philips,18058.43,18,3250.52,14807.91,194,2.68,4.28,57
PROD001729,Godrej Almirah V9,Home,Godrej,20522.19,21,4309.66,16212.53,341,0.36,4.29,42
PROD001730,Urban Ladder Sofa V4,Home,Urban,14064.5,18,2531.61,11532.89,653,4.13,4.48,56
PROD001731,Lakme Lipstick V10,Beauty,Lakme,377.1,46,173.47,203.63,728,4.12,4.33,24
PROD001732,Mamaearth Facewash V8,Beauty,Mamaearth,4683.63,38,1779.78,2903.85,41,0.54,4.36,25
PROD001733,Nivea Cream V1,Beauty,Nivea,1601.17,19,304.22,1296.95,997,2.3,4.45,29
PROD001734,Dove Soap V6,Beauty,Dove,3075.11,43,1322.3,1752.81,741,4.68,4.39,31
PROD001735,Plum Serum V8,Beauty,Plum,2612.7,7,182.89,2429.81,236,3.39,4.53,36
PROD001736,Nike T-shirt V4,Sports,Nike,895.39,6,53.72,841.67,131,2.92,4.32,47
PROD001737,Puma Shoes V8,Sports,Puma,26918.84,43,11575.1,15343.74,18,0.39,4.41,44
PROD001738,Decathlon Cycle V9,Sports,Decathlon,4560.02,9,410.4,4149.62,358,4.22,4.35,62
PROD001739,Yoga Mat V3,Sports,Yoga,33418.19,18,6015.27,27402.92,480,3.24,4.41,41
PROD001740,Dumbbells V3,Sports,Dumbbells,21047.15,32,6735.09,14312.06,993,4.96,4.37,52
PROD001741,Fiction Novel V7,Books,Fiction,419.02,6,25.14,393.88,580,4.67,4.16,43
PROD001742,NCERT Book V6,Books,NCERT,1641.99,18,295.56,1346.43,226,1.77,4.36,36
PROD001743,Comics V8,Books,Comics,781.29,22,171.88,609.41,635,2.08,4.48,33
PROD001744,Notebook V1,Books,Notebook,1625.2,17,276.28,1348.92,372,3.31,4.4,35
PROD001745,Stationery Set V5,Books,Stationery,1939.25,20,387.85,1551.4,455,1.45,4.45,40
PROD001746,Aashirvaad Atta V8,Grocery,Aashirvaad,222.82,7,15.6,207.22,31,0.85,4.46,56
PROD001747,Fortune Oil V6,Grocery,Fortune,1837.55,50,918.77,918.78,677,1.65,4.46,61
PROD001748,Lays Chips V10,Grocery,Lays,490.32,5,24.52,465.8,659,0.85,4.42,52
PROD001749,Nescafe Coffee V3,Grocery,Nescafe,1761.73,23,405.2,1356.53,873,1.82,4.45,65
PROD001750,Haldiram Snacks V8,Grocery,Haldiram,1792.85,19,340.64,1452.21,472,2.24,4.42,65
PROD001751,Samsung Mobile V10,Electronics,Samsung,127508.53,22,28051.88,99456.65,704,1.42,4.46,91
PROD001752,HP Laptop V4,Electronics,HP,137682.55,23,31666.99,106015.56,137,4.55,4.4,105
PROD001753,boAt Headphones V6,Electronics,boAt,17142.83,40,6857.13,10285.7,890,0.71,4.44,111
PROD001754,Noise Watch V8,Electronics,Noise,44198.21,12,5303.79,38894.42,891,3.11,4.45,104
PROD001755,Apple iPhone V3,Electronics,Apple,59785.5,11,6576.4,53209.1,330,3.02,4.42,105
PROD001756,Levis Jeans V6,Fashion,Levis,11813.9,15,1772.09,10041.81,171,0.86,4.42,69
PROD001757,Peter England Shirt V9,Fashion,Peter,9677.02,33,3193.42,6483.6,250,4.61,4.4,84
PROD001758,Nike Shoes V7,Fashion,Nike,5961.37,27,1609.57,4351.8,323,2.54,4.29,84
PROD001759,Titan Watch V7,Fashion,Titan,1699.24,15,254.89,1444.35,56,3.22,4.31,74
PROD001760,Puma T-shirt V1,Fashion,Puma,14895.5,50,7447.75,7447.75,781,1.92,4.35,91
PROD001761,IKEA Chair V9,Home,IKEA,48603.63,49,23815.78,24787.85,567,4.1,4.41,58
PROD001762,Prestige Cooker V10,Home,Prestige,29381.83,27,7933.09,21448.74,691,4.61,4.35,46
PROD001763,Philips Mixer V2,Home,Philips,41772.97,5,2088.65,39684.32,400,4.67,4.24,50
PROD001764,Godrej Almirah V1,Home,Godrej,32273.47,20,6454.69,25818.78,901,4.58,4.52,63
PROD001765,Urban Ladder Sofa V5,Home,Urban,9822.14,41,4027.08,5795.06,231,1.62,4.5,52
PROD001766,Lakme Lipstick V4,Beauty,Lakme,886,22,194.92,691.08,939,2.38,4.12,16
PROD001767,Mamaearth Facewash V1,Beauty,Mamaearth,4943.97,14,692.16,4251.81,542,4.45,4.48,25
PROD001768,Nivea Cream V3,Beauty,Nivea,3142.56,21,659.94,2482.62,663,4.4,4.38,32
PROD001769,Dove Soap V6,Beauty,Dove,3763.12,50,1881.56,1881.56,664,1.17,4.18,28
PROD001770,Plum Serum V9,Beauty,Plum,3509.56,24,842.29,2667.27,711,4.96,4.22,36
PROD001771,Nike T-shirt V7,Sports,Nike,25762.8,26,6698.33,19064.47,128,1.76,4.5,44
PROD001772,Puma Shoes V9,Sports,Puma,18156.15,45,8170.27,9985.88,174,2.6,4.2,56
PROD001773,Decathlon Cycle V6,Sports,Decathlon,33398.69,49,16365.36,17033.33,730,3.8,4.34,50
PROD001774,Yoga Mat V7,Sports,Yoga,23351.13,15,3502.67,19848.46,404,0.98,4.55,40
PROD001775,Dumbbells V5,Sports,Dumbbells,14130.16,21,2967.33,11162.83,364,1.3,4.41,54
PROD001776,Fiction Novel V10,Books,Fiction,770.34,33,254.21,516.13,37,4.91,4.19,31
PROD001777,NCERT Book V7,Books,NCERT,970.95,15,145.64,825.31,548,0.24,4.56,43
PROD001778,Comics V8,Books,Comics,444.56,16,71.13,373.43,41,3.74,4.47,43
PROD001779,Notebook V7,Books,Notebook,1572.74,14,220.18,1352.56,927,0.58,4.17,29
PROD001780,Stationery Set V9,Books,Stationery,685.9,34,233.21,452.69,481,4.59,4.35,23
PROD001781,Aashirvaad Atta V1,Grocery,Aashirvaad,2475.33,35,866.37,1608.96,955,3.41,4.4,63
PROD001782,Fortune Oil V5,Grocery,Fortune,1327.63,9,119.49,1208.14,211,0.23,4.45,60
PROD001783,Lays Chips V6,Grocery,Lays,1688.66,17,287.07,1401.59,331,0.58,4.36,44
PROD001784,Nescafe Coffee V7,Grocery,Nescafe,1214.33,23,279.3,935.03,304,1.9,4.41,46
PROD001785,Haldiram Snacks V10,Grocery,Haldiram,2199.77,48,1055.89,1143.88,353,4.58,4.36,44
PROD001786,Samsung Mobile V3,Electronics,Samsung,37539.05,34,12763.28,24775.77,506,4.05,4.24,98
PROD001787,HP Laptop V10,Electronics,HP,62526.88,14,8753.76,53773.12,113,3.39,4.42,120
PROD001788,boAt Headphones V4,Electronics,boAt,146095.34,45,65742.9,80352.44,530,2.73,4.44,106
PROD001789,Noise Watch V8,Electronics,Noise,48496.28,41,19883.47,28612.81,96,1.28,4.26,113
PROD001790,Apple iPhone V7,Electronics,Apple,36975.34,21,7764.82,29210.52,31,1.23,4.4,111
PROD001791,Levis Jeans V8,Fashion,Levis,14520.72,38,5517.87,9002.85,676,4.07,4.32,92
PROD001792,Peter England Shirt V7,Fashion,Peter,12373.01,11,1361.03,11011.98,295,0.89,4.42,72
PROD001793,Nike Shoes V3,Fashion,Nike,2230.44,43,959.09,1271.35,34,4.41,4.46,84
PROD001794,Titan Watch V6,Fashion,Titan,14589.17,17,2480.16,12109.01,141,1.26,4.37,83
PROD001795,Puma T-shirt V8,Fashion,Puma,2744.01,10,274.4,2469.61,493,2.43,4.39,105
PROD001796,IKEA Chair V6,Home,IKEA,28192.7,11,3101.2,25091.5,327,0.34,4.4,57
PROD001797,Prestige Cooker V3,Home,Prestige,13302.33,15,1995.35,11306.98,441,3.68,4.32,56
PROD001798,Philips Mixer V4,Home,Philips,10595.01,25,2648.75,7946.26,885,0.71,4.46,48
PROD001799,Godrej Almirah V6,Home,Godrej,13247.22,36,4769,8478.22,639,1.68,4.48,61
PROD001800,Urban Ladder Sofa V5,Home,Urban,39298.99,17,6680.83,32618.16,436,3.78,4.29,49
PROD001801,Lakme Lipstick V1,Beauty,Lakme,222.95,46,102.56,120.39,815,0.44,4.36,36
PROD001802,Mamaearth Facewash V1,Beauty,Mamaearth,859.69,39,335.28,524.41,918,1.32,4.15,26
PROD001803,Nivea Cream V2,Beauty,Nivea,4321.44,25,1080.36,3241.08,551,2.44,4.27,26
PROD001804,Dove Soap V4,Beauty,Dove,2425.11,20,485.02,1940.09,261,1.54,4.26,34
PROD001805,Plum Serum V5,Beauty,Plum,182.29,31,56.51,125.78,699,3.63,4.39,28
PROD001806,Nike T-shirt V8,Sports,Nike,4617.69,5,230.88,4386.81,935,1.95,4.48,44
PROD001807,Puma Shoes V6,Sports,Puma,13583.97,30,4075.19,9508.78,173,4.09,4.4,55
PROD001808,Decathlon Cycle V2,Sports,Decathlon,13120.76,12,1574.49,11546.27,91,4.29,4.44,50
PROD001809,Yoga Mat V7,Sports,Yoga,28922.17,28,8098.21,20823.96,179,3.83,4.35,51
PROD001810,Dumbbells V3,Sports,Dumbbells,31248.16,21,6562.11,24686.05,141,3.19,4.46,39
PROD001811,Fiction Novel V3,Books,Fiction,258.97,28,72.51,186.46,770,3.45,4.3,50
PROD001812,NCERT Book V8,Books,NCERT,1307.81,48,627.75,680.06,549,2.62,4.33,24
PROD001813,Comics V2,Books,Comics,401.09,37,148.4,252.69,937,3.73,4.24,38
PROD001814,Notebook V9,Books,Notebook,1532.81,16,245.25,1287.56,255,0.8,4.41,44
PROD001815,Stationery Set V1,Books,Stationery,104.82,7,7.34,97.48,152,0.75,4.43,37
PROD001816,Aashirvaad Atta V2,Grocery,Aashirvaad,1354.29,40,541.72,812.57,469,3.45,4.47,58
PROD001817,Fortune Oil V8,Grocery,Fortune,821.33,11,90.35,730.98,393,2.35,4.3,60
PROD001818,Lays Chips V5,Grocery,Lays,1924.17,5,96.21,1827.96,803,2.48,4.44,50
PROD001819,Nescafe Coffee V5,Grocery,Nescafe,1083.52,37,400.9,682.62,176,3.73,4.44,50
PROD001820,Haldiram Snacks V4,Grocery,Haldiram,363.22,35,127.13,236.09,805,1.93,4.31,68
PROD001821,Samsung Mobile V2,Electronics,Samsung,104501.44,41,42845.59,61655.85,27,0.69,4.36,124
PROD001822,HP Laptop V10,Electronics,HP,21572.76,32,6903.28,14669.48,659,3.18,4.37,107
PROD001823,boAt Headphones V5,Electronics,boAt,10316.48,11,1134.81,9181.67,15,4.48,4.32,117
PROD001824,Noise Watch V10,Electronics,Noise,36079.71,27,9741.52,26338.19,262,4.36,4.55,137
PROD001825,Apple iPhone V5,Electronics,Apple,74567.44,43,32064,42503.44,241,2.36,4.36,87
PROD001826,Levis Jeans V5,Fashion,Levis,3657.38,21,768.05,2889.33,630,2.84,4.42,90
PROD001827,Peter England Shirt V7,Fashion,Peter,5695.04,43,2448.87,3246.17,985,2.84,4.48,84
PROD001828,Nike Shoes V2,Fashion,Nike,5787.24,6,347.23,5440.01,69,0.21,4.38,91
PROD001829,Titan Watch V9,Fashion,Titan,3258.22,34,1107.79,2150.43,844,3.96,4.39,99
PROD001830,Puma T-shirt V5,Fashion,Puma,2315.56,26,602.05,1713.51,626,2.45,4.49,81
PROD001831,IKEA Chair V7,Home,IKEA,21120.3,13,2745.64,18374.66,48,1.48,4.49,53
PROD001832,Prestige Cooker V7,Home,Prestige,31191.93,5,1559.6,29632.33,525,3.64,4.5,50
PROD001833,Philips Mixer V6,Home,Philips,3589.51,33,1184.54,2404.97,165,4.09,4.23,57
PROD001834,Godrej Almirah V7,Home,Godrej,31113.29,30,9333.99,21779.3,485,3.92,4.5,54
PROD001835,Urban Ladder Sofa V6,Home,Urban,25617.14,28,7172.8,18444.34,926,4.25,4.49,65
PROD001836,Lakme Lipstick V5,Beauty,Lakme,4141.79,13,538.43,3603.36,256,3.93,4.21,28
PROD001837,Mamaearth Facewash V1,Beauty,Mamaearth,4692.03,37,1736.05,2955.98,312,1.4,4.2,20
PROD001838,Nivea Cream V6,Beauty,Nivea,235.08,31,72.87,162.21,926,0.26,4.67,30
PROD001839,Dove Soap V9,Beauty,Dove,4045.97,22,890.11,3155.86,900,0.21,4.27,30
PROD001840,Plum Serum V9,Beauty,Plum,514.77,43,221.35,293.42,512,4.71,4.56,36
PROD001841,Nike T-shirt V2,Sports,Nike,18707.74,21,3928.63,14779.11,560,4.96,4.37,41
PROD001842,Puma Shoes V2,Sports,Puma,12789.41,44,5627.34,7162.07,147,3.64,4.43,46
PROD001843,Decathlon Cycle V5,Sports,Decathlon,11204.25,20,2240.85,8963.4,174,4.21,4.37,54
PROD001844,Yoga Mat V1,Sports,Yoga,9887.18,10,988.72,8898.46,12,3.33,4.43,46
PROD001845,Dumbbells V1,Sports,Dumbbells,13791.22,22,3034.07,10757.15,71,1.4,4.38,53
PROD001846,Fiction Novel V10,Books,Fiction,372.27,8,29.78,342.49,326,4.74,4.51,35
PROD001847,NCERT Book V1,Books,NCERT,493.07,47,231.74,261.33,250,4.03,4.42,40
PROD001848,Comics V6,Books,Comics,1766.24,48,847.8,918.44,570,4.07,4.4,35
PROD001849,Notebook V2,Books,Notebook,620.08,50,310.04,310.04,814,4.68,4.29,42
PROD001850,Stationery Set V8,Books,Stationery,1427.81,11,157.06,1270.75,72,4.45,4.53,40
PROD001851,Aashirvaad Atta V8,Grocery,Aashirvaad,622.78,23,143.24,479.54,641,2.99,4.37,68
PROD001852,Fortune Oil V3,Grocery,Fortune,752.51,38,285.95,466.56,757,1.97,4.41,69
PROD001853,Lays Chips V7,Grocery,Lays,1341.44,13,174.39,1167.05,784,0.64,4.52,63
PROD001854,Nescafe Coffee V10,Grocery,Nescafe,2552.78,21,536.08,2016.7,792,3.75,4.46,57
PROD001855,Haldiram Snacks V1,Grocery,Haldiram,932.85,27,251.87,680.98,653,1.52,4.31,62
PROD001856,Samsung Mobile V4,Electronics,Samsung,125350.69,50,62675.35,62675.34,932,3,4.47,117
PROD001857,HP Laptop V5,Electronics,HP,85890.16,24,20613.64,65276.52,122,3.04,4.45,129
PROD001858,boAt Headphones V8,Electronics,boAt,55393.1,17,9416.83,45976.27,767,2.8,4.36,112
PROD001859,Noise Watch V8,Electronics,Noise,143100.99,45,64395.45,78705.54,456,3.16,4.39,104
PROD001860,Apple iPhone V7,Electronics,Apple,102681.24,5,5134.06,97547.18,346,1.92,4.42,114
PROD001861,Levis Jeans V4,Fashion,Levis,10163.03,30,3048.91,7114.12,566,0.22,4.4,97
PROD001862,Peter England Shirt V4,Fashion,Peter,6450.72,22,1419.16,5031.56,526,3.45,4.38,93
PROD001863,Nike Shoes V9,Fashion,Nike,11729.15,9,1055.62,10673.53,541,0.66,4.45,80
PROD001864,Titan Watch V7,Fashion,Titan,13926.73,26,3620.95,10305.78,969,3.74,4.46,91
PROD001865,Puma T-shirt V10,Fashion,Puma,6350.72,13,825.59,5525.13,746,1.41,4.47,83
PROD001866,IKEA Chair V7,Home,IKEA,38583.69,12,4630.04,33953.65,598,2.13,4.54,46
PROD001867,Prestige Cooker V7,Home,Prestige,48698.68,21,10226.72,38471.96,433,2.19,4.41,59
PROD001868,Philips Mixer V6,Home,Philips,1712.57,31,530.9,1181.67,639,2.67,4.41,64
PROD001869,Godrej Almirah V2,Home,Godrej,23084.18,20,4616.84,18467.34,989,4.98,4.3,54
PROD001870,Urban Ladder Sofa V5,Home,Urban,48420.06,38,18399.62,30020.44,114,2.89,4.38,53
PROD001871,Lakme Lipstick V10,Beauty,Lakme,621.04,13,80.74,540.3,99,1.46,4.4,35
PROD001872,Mamaearth Facewash V5,Beauty,Mamaearth,3486.09,18,627.5,2858.59,147,1.2,4.21,28
PROD001873,Nivea Cream V2,Beauty,Nivea,3712.12,8,296.97,3415.15,542,2.4,4.36,28
PROD001874,Dove Soap V9,Beauty,Dove,3944.5,47,1853.91,2090.59,115,1.6,4.38,34
PROD001875,Plum Serum V9,Beauty,Plum,2468.1,34,839.15,1628.95,841,0.79,4.48,23
PROD001876,Nike T-shirt V3,Sports,Nike,32545.93,31,10089.24,22456.69,307,1,4.43,53
PROD001877,Puma Shoes V1,Sports,Puma,34138.52,14,4779.39,29359.13,98,4.05,4.33,46
PROD001878,Decathlon Cycle V6,Sports,Decathlon,23252.2,10,2325.22,20926.98,870,1.03,4.46,37
PROD001879,Yoga Mat V6,Sports,Yoga,25831.57,41,10590.94,15240.63,907,4.7,4.36,50
PROD001880,Dumbbells V4,Sports,Dumbbells,34114.21,12,4093.71,30020.5,916,1.13,4.4,45
PROD001881,Fiction Novel V7,Books,Fiction,186.61,14,26.13,160.48,517,4.81,4.38,42
PROD001882,NCERT Book V2,Books,NCERT,1851.63,45,833.23,1018.4,117,1.44,4.55,42
PROD001883,Comics V8,Books,Comics,1238.24,33,408.62,829.62,677,4.62,4.46,37
PROD001884,Notebook V3,Books,Notebook,511.14,31,158.45,352.69,64,1.75,4.53,40
PROD001885,Stationery Set V3,Books,Stationery,1444.74,23,332.29,1112.45,208,3.58,4.5,32
PROD001886,Aashirvaad Atta V6,Grocery,Aashirvaad,1947.19,8,155.78,1791.41,652,0.59,4.41,68
PROD001887,Fortune Oil V10,Grocery,Fortune,1131.05,37,418.49,712.56,581,0.56,4.53,49
PROD001888,Lays Chips V6,Grocery,Lays,1348.86,5,67.44,1281.42,863,0.97,4.41,49
PROD001889,Nescafe Coffee V1,Grocery,Nescafe,1521.44,30,456.43,1065.01,742,3.41,4.43,65
PROD001890,Haldiram Snacks V7,Grocery,Haldiram,2750.14,23,632.53,2117.61,192,0.85,4.38,63
PROD001891,Samsung Mobile V1,Electronics,Samsung,46188.45,49,22632.34,23556.11,52,2.89,4.45,130
PROD001892,HP Laptop V5,Electronics,HP,33588.19,20,6717.64,26870.55,604,3.11,4.52,106
PROD001893,boAt Headphones V8,Electronics,boAt,27490.76,34,9346.86,18143.9,990,3.32,4.4,102
PROD001894,Noise Watch V10,Electronics,Noise,17240.33,39,6723.73,10516.6,417,1.5,4.35,125
PROD001895,Apple iPhone V2,Electronics,Apple,79700.22,27,21519.06,58181.16,207,1.94,4.46,110
PROD001896,Levis Jeans V6,Fashion,Levis,13937.52,24,3345,10592.52,75,0.75,4.47,79
PROD001897,Peter England Shirt V10,Fashion,Peter,10592.37,47,4978.41,5613.96,276,2.08,4.38,89
PROD001898,Nike Shoes V7,Fashion,Nike,4167.56,16,666.81,3500.75,932,0.45,4.26,81
PROD001899,Titan Watch V4,Fashion,Titan,3852.82,30,1155.85,2696.97,490,1.8,4.29,80
PROD001900,Puma T-shirt V10,Fashion,Puma,14128.92,20,2825.78,11303.14,342,2.58,4.42,72
PROD001901,IKEA Chair V2,Home,IKEA,47672.72,14,6674.18,40998.54,521,2.35,4.39,69
PROD001902,Prestige Cooker V3,Home,Prestige,38270.93,47,17987.34,20283.59,600,2.99,4.26,47
PROD001903,Philips Mixer V3,Home,Philips,33726.36,5,1686.32,32040.04,884,1.2,4.33,67
PROD001904,Godrej Almirah V9,Home,Godrej,18563.26,44,8167.83,10395.43,882,2.11,4.48,60
PROD001905,Urban Ladder Sofa V3,Home,Urban,46754.7,44,20572.07,26182.63,665,4.65,4.37,54
PROD001906,Lakme Lipstick V10,Beauty,Lakme,2500.42,35,875.15,1625.27,64,2.28,4.41,32
PROD001907,Mamaearth Facewash V6,Beauty,Mamaearth,400.18,16,64.03,336.15,545,2.67,4.46,35
PROD001908,Nivea Cream V1,Beauty,Nivea,3050.58,27,823.66,2226.92,663,0.58,4.32,34
PROD001909,Dove Soap V3,Beauty,Dove,1127.26,16,180.36,946.9,603,0.65,4.55,31
PROD001910,Plum Serum V1,Beauty,Plum,1406.66,13,182.87,1223.79,774,2.55,4.46,39
PROD001911,Nike T-shirt V8,Sports,Nike,23340.35,9,2100.63,21239.72,148,0.3,4.46,56
PROD001912,Puma Shoes V2,Sports,Puma,22525.27,27,6081.82,16443.45,747,3.78,4.47,59
PROD001913,Decathlon Cycle V2,Sports,Decathlon,3203.31,43,1377.42,1825.89,871,1.81,4.33,57
PROD001914,Yoga Mat V4,Sports,Yoga,25077.93,15,3761.69,21316.24,323,2.72,4.28,32
PROD001915,Dumbbells V9,Sports,Dumbbells,14433.58,41,5917.77,8515.81,107,3.3,4.54,48
PROD001916,Fiction Novel V5,Books,Fiction,1887.72,47,887.23,1000.49,619,1.49,4.43,37
PROD001917,NCERT Book V2,Books,NCERT,1049.62,40,419.85,629.77,187,4.05,4.4,35
PROD001918,Comics V4,Books,Comics,1526.58,9,137.39,1389.19,712,2.56,4.42,31
PROD001919,Notebook V7,Books,Notebook,893.76,30,268.13,625.63,786,4.71,4.5,32
PROD001920,Stationery Set V4,Books,Stationery,603.59,26,156.93,446.66,705,1.98,4.53,36
PROD001921,Aashirvaad Atta V9,Grocery,Aashirvaad,2349.27,33,775.26,1574.01,23,3.76,4.51,68
PROD001922,Fortune Oil V7,Grocery,Fortune,1258.06,16,201.29,1056.77,425,0.92,4.47,55
PROD001923,Lays Chips V5,Grocery,Lays,2532.28,50,1266.14,1266.14,463,4.63,4.57,54
PROD001924,Nescafe Coffee V7,Grocery,Nescafe,784.32,41,321.57,462.75,762,2.15,4.25,60
PROD001925,Haldiram Snacks V4,Grocery,Haldiram,2236.49,48,1073.52,1162.97,77,2.16,4.5,48
PROD001926,Samsung Mobile V10,Electronics,Samsung,81029.82,43,34842.82,46187,831,3.38,4.41,116
PROD001927,HP Laptop V1,Electronics,HP,132261.01,39,51581.79,80679.22,759,1.58,4.45,117
PROD001928,boAt Headphones V5,Electronics,boAt,54478.81,40,21791.52,32687.29,514,3.77,4.5,111
PROD001929,Noise Watch V5,Electronics,Noise,116453.07,31,36100.45,80352.62,78,1.68,4.37,134
PROD001930,Apple iPhone V5,Electronics,Apple,63086.85,25,15771.71,47315.14,254,2.24,4.4,126
PROD001931,Levis Jeans V3,Fashion,Levis,7249.8,30,2174.94,5074.86,401,0.71,4.47,88
PROD001932,Peter England Shirt V3,Fashion,Peter,990.12,31,306.94,683.18,140,1.77,4.42,78
PROD001933,Nike Shoes V2,Fashion,Nike,7782.19,15,1167.33,6614.86,79,1.68,4.38,95
PROD001934,Titan Watch V9,Fashion,Titan,10721.32,43,4610.17,6111.15,360,1.56,4.39,66
PROD001935,Puma T-shirt V4,Fashion,Puma,10482.44,37,3878.5,6603.94,649,2.68,4.35,86
PROD001936,IKEA Chair V3,Home,IKEA,29176.76,43,12546.01,16630.75,185,0.98,4.51,63
PROD001937,Prestige Cooker V3,Home,Prestige,4872.23,6,292.33,4579.9,323,2.55,4.44,73
PROD001938,Philips Mixer V7,Home,Philips,11506.22,8,920.5,10585.72,703,1.22,4.67,48
PROD001939,Godrej Almirah V5,Home,Godrej,22010.27,13,2861.34,19148.93,384,4.56,4.48,54
PROD001940,Urban Ladder Sofa V2,Home,Urban,41350.6,38,15713.23,25637.37,550,3.56,4.23,56
PROD001941,Lakme Lipstick V5,Beauty,Lakme,2496.15,23,574.11,1922.04,696,4.56,4.33,33
PROD001942,Mamaearth Facewash V9,Beauty,Mamaearth,2435.37,21,511.43,1923.94,471,0.74,4.35,31
PROD001943,Nivea Cream V3,Beauty,Nivea,4076.09,7,285.33,3790.76,831,3.25,4.32,28
PROD001944,Dove Soap V3,Beauty,Dove,4309.08,15,646.36,3662.72,663,1.56,4.52,25
PROD001945,Plum Serum V10,Beauty,Plum,362.84,18,65.31,297.53,454,3.53,4.32,22
PROD001946,Nike T-shirt V5,Sports,Nike,21793.26,25,5448.31,16344.95,463,4.66,4.29,49
PROD001947,Puma Shoes V10,Sports,Puma,14415.43,18,2594.78,11820.65,424,0.21,4.35,48
PROD001948,Decathlon Cycle V9,Sports,Decathlon,34782.28,22,7652.1,27130.18,868,4.06,4.52,50
PROD001949,Yoga Mat V5,Sports,Yoga,20855.46,31,6465.19,14390.27,903,2.92,4.37,41
PROD001950,Dumbbells V8,Sports,Dumbbells,8917.92,12,1070.15,7847.77,725,2.13,4.28,50
PROD001951,Fiction Novel V3,Books,Fiction,365.67,32,117.01,248.66,640,3.75,4.39,38
PROD001952,NCERT Book V3,Books,NCERT,116.96,31,36.26,80.7,360,4.57,4.4,42
PROD001953,Comics V6,Books,Comics,590.57,30,177.17,413.4,947,3.56,4.19,37
PROD001954,Notebook V1,Books,Notebook,455.21,27,122.91,332.3,666,3.76,4.66,35
PROD001955,Stationery Set V10,Books,Stationery,1350.37,20,270.07,1080.3,546,0.68,4.28,32
PROD001956,Aashirvaad Atta V8,Grocery,Aashirvaad,1520.08,13,197.61,1322.47,206,2.47,4.26,62
PROD001957,Fortune Oil V6,Grocery,Fortune,1832.69,21,384.86,1447.83,342,0.5,4.45,56
PROD001958,Lays Chips V6,Grocery,Lays,1602.63,19,304.5,1298.13,10,3.28,4.52,50
PROD001959,Nescafe Coffee V2,Grocery,Nescafe,2615.85,32,837.07,1778.78,38,1.41,4.35,57
PROD001960,Haldiram Snacks V7,Grocery,Haldiram,2872.28,25,718.07,2154.21,841,3.7,4.45,58
PROD001961,Samsung Mobile V8,Electronics,Samsung,48537.77,5,2426.89,46110.88,994,4.79,4.38,96
PROD001962,HP Laptop V5,Electronics,HP,109600.01,8,8768,100832.01,293,4.38,4.34,116
PROD001963,boAt Headphones V9,Electronics,boAt,125426.62,27,33865.19,91561.43,404,5,4.32,117
PROD001964,Noise Watch V3,Electronics,Noise,70178.56,15,10526.78,59651.78,744,0.52,4.37,108
PROD001965,Apple iPhone V1,Electronics,Apple,51394.32,44,22613.5,28780.82,755,4.22,4.43,100
PROD001966,Levis Jeans V7,Fashion,Levis,3416.29,34,1161.54,2254.75,631,4.61,4.48,87
PROD001967,Peter England Shirt V4,Fashion,Peter,11911.6,40,4764.64,7146.96,902,4.75,4.51,80
PROD001968,Nike Shoes V7,Fashion,Nike,6748.9,42,2834.54,3914.36,439,3.73,4.39,82
PROD001969,Titan Watch V7,Fashion,Titan,9197.89,17,1563.64,7634.25,754,1.82,4.48,85
PROD001970,Puma T-shirt V10,Fashion,Puma,10051.9,15,1507.79,8544.11,700,4.35,4.34,74
PROD001971,IKEA Chair V10,Home,IKEA,14724.47,13,1914.18,12810.29,848,2.32,4.5,58
PROD001972,Prestige Cooker V3,Home,Prestige,19173.92,21,4026.52,15147.4,915,4.55,4.36,55
PROD001973,Philips Mixer V9,Home,Philips,3251.86,12,390.22,2861.64,805,2.21,4.38,78
PROD001974,Godrej Almirah V5,Home,Godrej,34210.96,9,3078.99,31131.97,795,4.93,4.52,60
PROD001975,Urban Ladder Sofa V6,Home,Urban,37787.67,36,13603.56,24184.11,345,2.09,4.46,56
PROD001976,Lakme Lipstick V9,Beauty,Lakme,437.6,43,188.17,249.43,512,1.11,4.47,15
PROD001977,Mamaearth Facewash V3,Beauty,Mamaearth,1191.96,22,262.23,929.73,975,0.23,4.36,22
PROD001978,Nivea Cream V4,Beauty,Nivea,282.03,32,90.25,191.78,988,3.39,4.42,24
PROD001979,Dove Soap V5,Beauty,Dove,3220.53,20,644.11,2576.42,94,3.56,4.49,35
PROD001980,Plum Serum V3,Beauty,Plum,1338.51,13,174.01,1164.5,675,4.08,4.3,27
PROD001981,Nike T-shirt V4,Sports,Nike,24081.84,10,2408.18,21673.66,502,3.05,4.29,52
PROD001982,Puma Shoes V9,Sports,Puma,10632.75,35,3721.46,6911.29,66,1.95,4.43,51
PROD001983,Decathlon Cycle V5,Sports,Decathlon,15155.43,21,3182.64,11972.79,129,3.69,4.27,60
PROD001984,Yoga Mat V2,Sports,Yoga,11862.41,12,1423.49,10438.92,324,4.08,4.42,52
PROD001985,Dumbbells V1,Sports,Dumbbells,21993.04,42,9237.08,12755.96,952,3.75,4.28,43
PROD001986,Fiction Novel V10,Books,Fiction,995.84,40,398.34,597.5,370,1.47,4.45,42
PROD001987,NCERT Book V2,Books,NCERT,1655.84,42,695.45,960.39,495,1.7,4.45,33
PROD001988,Comics V1,Books,Comics,703.36,42,295.41,407.95,497,4.22,4.41,39
PROD001989,Notebook V7,Books,Notebook,1224.15,24,293.8,930.35,251,2.76,4.32,38
PROD001990,Stationery Set V1,Books,Stationery,1055.02,34,358.71,696.31,781,1.95,4.47,40
PROD001991,Aashirvaad Atta V10,Grocery,Aashirvaad,1554,6,93.24,1460.76,287,0.74,4.61,54
PROD001992,Fortune Oil V4,Grocery,Fortune,2621.21,47,1231.97,1389.24,324,4.22,4.4,48
PROD001993,Lays Chips V10,Grocery,Lays,2615.01,36,941.4,1673.61,987,1.1,4.4,62
PROD001994,Nescafe Coffee V3,Grocery,Nescafe,272.14,44,119.74,152.4,804,0.86,4.4,70
PROD001995,Haldiram Snacks V6,Grocery,Haldiram,1570.67,40,628.27,942.4,388,1.03,4.4,52
PROD001996,Samsung Mobile V4,Electronics,Samsung,20063.63,33,6621,13442.63,917,2.84,4.44,124
PROD001997,HP Laptop V8,Electronics,HP,139952.2,29,40586.14,99366.06,455,1.66,4.46,107
PROD001998,boAt Headphones V6,Electronics,boAt,54875.77,22,12072.67,42803.1,701,1.03,4.34,106
PROD001999,Noise Watch V2,Electronics,Noise,124588.89,45,56065,68523.89,15,0.33,4.36,105
PROD002000,Apple iPhone V3,Electronics,Apple,96219.02,36,34638.85,61580.17,952,3.34,4.45,121